name,x,y,z
abalone,8.318138,1.9966713,-5.3060656
abalone_mushroom,7.9332185,1.6161717,-5.4593015
absinthe,9.333032,3.3923979,-0.7774299
acacia,7.753703,1.9771699,-3.16905
acai,7.168601,2.9603617,-1.7815053
acerola,8.547877,2.3144188,-1.8223876
achiote_paste,7.096743,5.675613,-6.150391
acorn,8.17064,4.7779717,-4.9676237
acorn_squash,8.012991,4.802864,-4.82704
activated_charcoal_powder,7.7025113,2.1339166,-2.1404402
adjika,8.056824,4.7693725,-3.2350507
adobo_sauce,7.570143,5.7607765,-6.128534
adobo_seasoning,7.355573,5.7047224,-5.92492
advocaat,8.370293,3.0984662,-0.68122894
agar,8.120329,2.0167549,-2.1513722
agati_flower,7.084276,1.9999418,-5.602143
agave_syrup,7.165283,3.0327928,-2.004718
aguardiente,8.370819,3.6545782,-1.7318642
aji_amarillo,6.578682,5.502859,-5.7475896
aji_panca,6.539812,5.5299726,-5.774568
ajvar,7.8995514,5.2767777,-4.9017286
ajwain,5.600122,3.9119148,-4.732388
alcaparrado,7.1767335,5.301195,-6.040217
aleppo_pepper,7.8890505,5.2391615,-5.359496
alfalfa_sprout,8.1154375,5.063651,-5.155202
alfredo_sauce,8.360109,5.7980704,-5.5154257
alligator,8.20367,1.6393627,-4.2119203
allspice,8.490883,3.5605395,-2.0115387
allulose,7.7703776,1.8230903,-2.9111598
almond,8.2313795,3.0969698,-1.6495923
almond_butter,7.1465874,3.0048234,-2.0169013
almond_milk,7.313164,2.936929,-1.8710055
almond_paste,7.9246073,3.0226946,-1.0505208
almond_tofu,7.6425624,3.6311505,-1.6167198
aloe_vera,8.1860895,1.8436831,-2.3469918
alum,7.1111565,2.6938508,-4.746816
amaranth,8.102353,2.3574011,-4.951846
amaretti_cookie,8.242431,3.2674072,-0.8629655
amaretto,8.397031,3.1511197,-0.73494947
amaro,9.372724,3.3611345,-0.8395371
amazake,7.1498146,3.1839066,-1.9115261
amberjack,7.6935472,4.384572,-5.8486843
amchur,5.5530677,3.9278321,-4.7452617
american_cheese,8.254312,5.955693,-5.9335985
anaheim_chile,7.54352,5.6232038,-6.1076503
anardana_powder,5.5443907,3.9805858,-4.717538
ancho_chile,7.304963,5.780593,-6.222624
anchovy,8.582376,4.686955,-5.646764
andouille_sausage,8.023856,5.3463426,-5.9712176
angelica_root,8.4221115,1.504282,-3.8454497
anise,8.519061,3.583663,-1.8696377
anisette,8.799925,3.616459,-1.1370293
annatto_seed,7.013044,2.2357628,-5.4749136
aonori,7.932317,2.4128592,-6.8278265
apple,8.613332,3.1891637,-1.665439
apple_brandy,9.214669,3.4225392,-0.9324383
apple_cider,9.003817,3.5389392,-1.5156932
apple_cider_vinegar,8.382915,4.8751326,-5.83938
apple_pie_spice,7.792819,3.3639596,-0.963656
applewood_chip,7.6222115,5.333185,-5.486679
apricot,8.415431,3.2149012,-1.6553968
apricot_brandy,9.026875,3.2497258,-0.8189747
aquafaba,7.783832,4.426095,-4.889817
aquavit,9.188608,3.4948175,-0.8804545
arame,7.5390234,4.0740485,-5.1598625
arctic_char,7.913868,4.878845,-5.4480605
arepa,7.2044945,5.571118,-5.964619
argan_oil,7.8318486,4.841797,-4.553803
armagnac,8.826596,3.6980398,-1.2108805
aronia_berry,7.908589,3.9877796,-1.8453754
arrowhead,8.309168,1.4074553,-5.168432
arrowroot,7.2526627,3.0021648,-1.9090024
artichoke,8.625654,5.1881833,-5.5286803
arugula,8.448919,4.8676295,-5.4630756
asafoetida,5.599308,3.8880396,-4.740637
asam_gelugur,6.0744023,2.570923,-5.163403
ascorbic_acid,7.796518,3.3021796,-1.3555644
asiago_cheese,8.49471,5.63257,-5.3109694
asian_pear,7.879511,3.3898408,-4.328507
asparagus,8.620103,4.439055,-5.40185
astragalus_root,8.315929,1.526156,-3.767783
avocado,8.41627,4.698406,-5.9976363
avocado_oil,7.7293262,4.149408,-5.054869
ayran,7.497888,4.4846168,-3.1994767
bacon,8.590076,4.853974,-6.1145635
bagel,8.262491,5.824346,-5.5241323
baharat,7.7703843,4.705836,-4.547908
bai_ji_mo,8.652928,1.1058327,-5.7906995
baijiu,9.016994,2.2444148,-5.747369
bak_kut_teh_spice,8.453367,1.7715534,-5.2983947
baked_beans,7.446182,5.5800524,-6.0396633
bakers_ammonia,7.5645795,2.7187586,-1.6681565
baking_powder,7.953276,3.0926912,-1.6885457
baking_soda,7.8608265,3.1152394,-1.6646707
balado_seasoning,6.0798244,2.57666,-5.192953
balsamic_vinegar,8.568471,4.8667116,-5.5300717
balut,7.040161,2.0896137,-5.547747
balyk,8.078267,4.821417,-3.3719914
bamboo_leaf,8.042137,1.6879032,-3.7499077
bamboo_pith_mushroom,8.305088,1.4818112,-4.601268
bamboo_salt,8.227485,1.7211485,-5.9582095
bamboo_shoot,8.456937,2.2102163,-5.5662403
banana,8.252636,2.9081035,-1.4051551
banana_blossom,7.0848074,2.0955563,-5.5400615
banana_leaf,6.403113,2.4446795,-5.1481133
banana_pepper,8.021134,5.7569146,-5.8008595
barbecue_sauce,8.230556,5.4001,-6.0463414
barbecue_seasoning,8.712702,2.51971,-5.7729216
barberry,8.063498,4.7578115,-3.2676606
barley,8.185175,1.613916,-3.3781204
barley_grass,7.6481023,2.096411,-2.2991002
barramundi,8.061505,3.0300753,-5.5437746
basa,8.494127,1.9291329,-5.8067346
basil,8.823671,4.856926,-5.808047
basil_seed,8.193558,1.8603084,-2.3741758
basmati_rice,6.248846,4.3034945,-4.9695253
batang_fish,8.290485,1.445622,-5.9196963
bay_leaf,8.719183,4.23287,-6.0123763
bean,8.538767,4.6149054,-6.0554175
bean_sprout,8.644425,2.5050232,-5.9793253
bear_meat,7.508239,5.3911,-5.332087
bearnaise_sauce,8.052755,5.4199667,-5.7980223
bechamel,8.567535,5.4089093,-5.2037897
bee_pollen,7.1805654,2.9891553,-1.925241
beef,8.676548,4.502934,-6.086052
beer,8.807809,3.3955464,-5.96955
beet,8.618273,4.582023,-5.5255866
bel_paese_cheese,8.06878,5.5997787,-4.8860693
bell_pepper,8.69157,4.4970922,-6.064382
bellflower_root,8.350801,1.5570983,-3.3947623
benedictine,9.3163595,3.4713957,-0.74252695
berbere,6.195403,4.3431063,-4.931843
bergamot,8.218858,2.4257188,-2.6851523
berry,8.605434,3.4526055,-1.49271
bilimbi,6.106517,2.5405502,-5.1288023
birds_eye_chili,8.877295,2.427779,-5.837242
birds_nest,8.26408,1.72046,-2.6566548
biryani_masala,6.035762,4.221384,-4.8575754
biscotti,8.127841,3.350146,-0.9225047
biscuit,7.792822,2.80473,-0.9962989
bison,7.5656004,5.312825,-5.404895
bitter_almond,8.346979,1.536912,-3.5016131
bitter_green,8.657047,1.1794544,-5.7478957
bitter_melon,8.266312,2.1417544,-5.355134
bitter_orange,7.164639,5.3274508,-6.052388
bittern,8.578111,2.0207746,-5.049528
bitters,9.20797,3.2935479,-0.98350155
black_bean,7.754058,5.571314,-6.2514544
black_bean_paste,8.388178,2.0560188,-5.674569
black_currant,8.5491495,3.3478212,-1.6236453
black_eyed_pea,7.8451533,5.3084188,-6.232278
black_garlic,8.04867,3.8283043,-5.0809426
black_olive,8.7477,5.0795426,-5.856448
black_pepper,8.698925,4.504529,-6.0100603
black_rice,8.008953,1.7645549,-3.2270036
black_salt,5.6253486,3.8921666,-4.791135
black_sesame_seed,7.751458,1.9918592,-2.7640638
black_tea,8.181229,2.019193,-1.8984603
black_treacle,7.8129654,3.454381,-1.1812955
black_truffle,8.783686,4.815264,-4.9522004
black_vinegar,8.136148,1.8504344,-5.206401
blackberry,8.61228,3.2297084,-1.3516649
blackening_seasoning,7.8266325,5.4173374,-5.835325
blood_orange,8.596365,3.4777415,-1.0392394
blood_sausage,7.381189,5.258919,-5.417751
blood_tofu,8.38674,1.3800868,-5.738586
bloody_mary_mix,7.4689374,5.704972,-5.456302
blue_cheese,8.533211,5.3292513,-5.0205846
blue_curacao,8.424758,2.447321,-1.3227355
blueberry,8.585183,3.0198104,-1.3043791
bluefish,7.831318,5.2462096,-5.315677
bok_choy,8.349452,2.1204631,-5.7458205
bolillo,7.2093673,5.8878784,-6.2471743
bolognese_sauce,8.216712,5.731934,-5.009731
bombay_duck_fish,8.17587,1.1959007,-5.749085
bone,8.359963,1.5062395,-4.294308
bone_marrow,7.5782804,2.0295053,-5.6447673
bonito,8.031909,2.1644926,-6.5020375
bonito_flakes,8.129888,2.4319568,-6.513322
borage,7.514876,4.284784,-2.8832493
borlotti_bean,7.9228716,4.5017653,-5.0877566
bottarga,8.209661,5.0943494,-4.824464
bottle_gourd,8.063235,2.1466312,-5.240344
bouquet_garni,8.4949,4.9504223,-5.0649815
bourbon,8.9475,3.3113608,-1.0984647
boursin_cheese,8.202492,5.628695,-5.060406
boysenberry,8.000009,3.4904656,-1.010498
braising_liquid,8.578997,1.910307,-5.645018
bran,7.357673,3.0864747,-2.0070517
brandy,8.982547,3.3982909,-1.2080096
branzino,7.959698,5.1464543,-5.161031
bratwurst,7.8168197,5.5104065,-5.544001
braunschweiger,8.377228,5.9058914,-5.5406923
brazil_nut,7.1901565,3.04454,-1.7172923
bread,8.800504,4.7533336,-5.931728
bread_crumbs,8.720973,4.7691064,-5.85674
breadfruit,7.5036154,1.8149958,-3.659532
bream,8.566321,1.9317561,-6.0901065
bresaola,8.493263,5.541778,-4.849844
brewers_yeast,7.1360893,3.2756114,-2.0801578
brick_cheese,8.051382,5.9913044,-5.746389
brick_tea,7.917022,1.6950763,-2.4737222
brie_cheese,8.581412,5.345478,-5.023588
brine,8.691165,2.872638,-5.4214983
brioche,8.315527,3.4735703,-0.97784644
broccoli,8.728305,4.179333,-5.97646
broccoli_rabe,8.462827,5.386732,-5.0712295
broccolini,7.8828692,3.9212642,-5.7936454
broth,8.891977,2.9492204,-5.8969493
brown_rice,7.848514,4.2460084,-5.060593
brown_sauce,8.029451,4.9885564,-5.13063
brown_sugar,8.2977,3.2345695,-1.6352855
browning_sauce,8.111205,5.3645983,-5.7102118
brussels_sprout,8.408956,4.9335313,-4.902685
bryndza,8.095509,4.8411922,-3.3923721
buckwheat,7.56914,3.0797143,-2.6061964
budae_jjigae_base,8.069824,1.6219461,-6.1949673
buffalo_meat,8.1855,5.6299653,-5.6788597
buffalo_milk,7.9268017,1.8718476,-2.485129
buffalo_wing_sauce,7.9347835,5.802763,-5.873043
buldak_sauce,8.008581,1.3976358,-6.036972
bulgogi,7.4704037,2.569086,-5.8683496
bulgur,7.858833,4.6170487,-4.1386566
burdock_root,8.071818,2.2619126,-6.484228
burrata,8.515444,5.336467,-4.895571
butifarra,7.1838355,5.1722703,-5.51374
butter,8.131498,3.129319,-1.83479
buttercream,7.799937,2.7362397,-0.95293534
butterfish,7.735693,4.996062,-5.239664
butterfly_pea_flower,8.026789,1.9674661,-2.3451931
buttermilk,8.0483675,3.2240956,-1.5524988
butternut_squash,8.246419,4.914731,-5.5192657
butterscotch,8.091693,3.065928,-0.7653844
cabbage,8.742563,3.3510551,-6.0733495
cacao,7.5376034,2.9870565,-1.6598508
cachaca,9.320391,3.391072,-0.7722383
caciocavallo,8.310581,5.4820004,-4.753095
caesar_dressing,8.395597,5.6719165,-5.5946226
cajeta,7.7995934,3.092299,-0.84937245
cajun_seasoning,8.077784,5.392187,-6.013072
calabrian_chili,8.374104,5.488203,-4.9328523
calamansi,6.3009787,2.521327,-5.112674
calcium_chloride,8.271648,4.156763,-2.9190054
calendula,8.46793,3.5376947,-1.6003217
calpis,8.24664,2.3472579,-1.4909061
calvados,9.073275,3.6958647,-1.2223651
camellia_oil,8.628981,1.7665373,-5.4823537
camembert_cheese,8.35666,5.4978857,-4.820523
campari,9.26005,3.3845131,-0.76124525
canadian_bacon,8.050698,5.7526417,-5.528975
candied_fruit,8.124174,3.0509152,-1.3884311
candlenut,6.0892453,2.6279871,-5.1467905
candy,7.738263,2.9121752,-0.9313068
candy_coating,7.8685303,3.0428112,-0.8024798
cane_syrup,7.289839,5.283716,-5.05946
cane_vinegar,7.5081434,5.3457875,-5.865092
cannellini_bean,8.101483,5.0918474,-5.74195
cannoli_shell,7.955252,3.2144094,-0.8208606
canola_oil,8.446378,4.4939904,-5.780952
cantal_cheese,7.8173437,5.6534224,-4.8991337
cantaloupe,8.810715,2.62667,-1.532615
cape_gooseberry,8.337498,3.2670865,-1.1517813
capelin,8.17822,4.8281393,-3.568724
caper,8.732451,4.953019,-5.827898
caperberry,7.9006324,4.7601814,-4.606485
capicola,8.40217,5.7762847,-5.0645905
capon,8.510444,3.9469404,-5.2130337
caramel,7.976177,2.9401298,-1.1054807
caraway_seed,8.596767,4.8844843,-5.1238637
cardamom,8.43022,3.4446084,-1.9924289
cardoon,8.147669,5.284904,-4.863185
carob,7.2030325,3.054607,-1.9440782
carob_molasses,7.428853,3.4527633,-1.672601
carp,8.771403,2.0576406,-5.8715234
carrageenan,7.477699,2.65363,-1.6818633
carrot,8.74905,4.2413735,-6.0211525
carrot_top,7.5774612,4.9077554,-5.293749
cartilage,8.703202,1.5417824,-5.5979104
cascabel_chile,7.246341,5.870705,-6.233438
cashew,7.212123,3.0244262,-2.1279798
cassava,6.8701663,2.259654,-5.4163556
catfish,7.889,2.7464952,-5.653344
catnip,8.408586,1.6128206,-5.6580963
cattail,7.9545846,1.5225888,-4.511498
caul_fat,8.133212,1.4783622,-5.559641
cauliflower,8.731815,4.340379,-5.916138
cava,9.163054,3.3316355,-0.92434734
caviar,8.138394,2.9909158,-5.965626
cayenne_pepper,8.444459,4.8500547,-5.819447
celeriac,8.489624,4.752081,-4.972507
celery,8.747297,4.6425266,-5.9410257
celery_seed,7.8411326,5.4214272,-6.0029736
celtuce,8.664458,1.7559212,-5.8618374
century_egg,8.692906,2.0521352,-5.5854673
cereal,7.6299715,3.242727,-1.6460952
chaat_masala,5.578239,3.9866579,-4.739938
chai_spice,7.9639673,3.240699,-0.8855906
chamomile,8.508086,3.4022574,-1.4434973
champagne,9.146762,3.122532,-0.99913394
champagne_vinegar,8.340658,4.734563,-5.1593547
chana_dal,5.5662827,3.95071,-4.702512
chanterelle_mushroom,8.679294,4.9774337,-4.906463
chaozhou_salted_vegetable,8.284726,1.2141557,-5.571139
char_siu_pork,8.210523,1.8337843,-5.322644
char_siu_sauce,8.315555,1.9475353,-5.4924927
chartreuse,9.277475,3.4125922,-0.74813145
chayote,7.2392454,2.9104505,-5.328465
cheddar_cheese,8.230104,5.954023,-5.946097
cheese,8.75196,4.7893305,-6.0473976
cheongyang_chili,7.919118,1.7263324,-6.0563655
cherry,8.768577,3.1056728,-1.465464
cherry_blossom,7.89084,2.1258087,-1.8105056
cherry_leaf,7.996351,3.9824753,-1.9534286
cherry_liqueur,8.616231,3.037689,-0.90958965
cherry_pepper,8.286678,5.702698,-5.1521273
cherry_plum,7.9085484,4.3810205,-2.5347917
chervil,8.505171,4.7296615,-5.4432406
cheshire_cheese,7.7017813,5.416806,-4.622438
chestnut,8.137584,1.7722307,-3.6168518
chia_seed,7.3036284,2.959176,-2.0833066
chicha,6.5718894,5.5184574,-5.7658625
chicken,8.731072,3.8981686,-5.9987335
chicken_broth,8.914814,3.1212385,-5.8829618
chicken_fat,8.481749,1.7909424,-5.1396585
chickpea,8.083933,4.3600097,-5.2596893
chicory,8.088071,3.087388,-5.724615
chihuahua_cheese,7.1826057,5.9055743,-6.231655
chikuwa,8.0715275,2.3257725,-6.5919166
chile_de_arbol,7.3025804,5.6800723,-6.248663
chili_garlic_sauce,8.642042,2.314675,-5.7706027
chili_oil,8.895672,2.2355351,-5.820538
chili_paste,7.962411,2.6059713,-5.7845626
chili_pepper,8.897159,2.8674347,-5.9380527
chili_powder,8.754233,3.995415,-6.1011086
chili_sauce,8.85485,2.437174,-5.818473
chiltepin,7.1563406,5.8100677,-6.2129083
chinese_bayberry,8.3989315,1.9562209,-2.2376723
chinese_broccoli,8.614198,1.8418429,-5.6164904
chinese_celery,8.391868,1.9438137,-5.4168787
chinese_cured_pork,8.504813,1.770192,-5.303058
chinese_preserved_olive,8.669842,1.5842599,-5.492569
chinese_sausage,8.256958,1.8941505,-5.258637
chinese_toon,8.596503,1.7623751,-5.7290425
chinese_yam,8.37978,1.5707185,-3.6934843
chipotle_pepper,7.4765162,5.778811,-6.2322297
chirimen_jako,7.820811,2.4966164,-6.776187
chive,9.034098,2.8957448,-5.807724
chive_flower,8.537714,1.9654564,-5.660914
chocolate,8.0082035,2.940716,-1.2173567
chocolate_hazelnut_spread,7.8782864,2.9981654,-0.9748606
chocolate_liqueur,8.362119,3.1164222,-0.68477136
chokecherry,8.087131,3.5810504,-1.0529643
choricero_pepper,7.2272377,5.206534,-5.4633317
chorizo,7.487209,5.4584455,-5.930789
choux_pastry,7.813601,2.4599345,-1.2590903
choy_sum,8.39362,1.9022019,-5.4415
chrysanthemum,8.335847,1.50314,-3.290594
chu_hou_paste,8.7858,1.9226139,-5.4177175
chunjang,7.9549513,1.4959395,-6.093844
chuno,6.537431,5.492145,-5.715532
chutney,7.5227375,4.645237,-4.898079
ciabatta,8.403783,5.7037926,-4.962197
cicada,8.376773,1.1282827,-5.995956
cinnamon,8.419133,3.3277016,-1.8137927
cipollini_onion,8.321241,5.052094,-5.019982
citric_acid,7.892742,3.7866092,-1.7622343
citron,8.068958,3.435162,-1.151827
citrus,8.430626,1.8692873,-3.2474136
clam,8.25172,3.2617824,-6.0083923
clamato_juice,7.451078,5.7158146,-5.585241
clay_pot_rice_sauce,8.351685,1.3534532,-5.3030105
clear_gel,8.256159,3.4217033,-1.1734914
clementine,8.4638815,3.4013295,-1.1263272
clotted_cream,7.537219,3.4600873,-1.2256519
clove,8.463009,3.4586751,-1.9587972
clover,8.675816,1.56996,-5.475655
club_soda,9.095019,3.2032554,-1.0217956
cobia,6.9667134,1.9658383,-5.5940156
cockle,7.8807373,3.9643238,-5.8310227
cocktail_sauce,8.167549,5.7989116,-5.7646127
cocoa_butter,7.502698,2.6637335,-1.6118977
cocoa_mass,7.3872814,2.7818916,-1.4876143
cocoa_powder,7.955753,2.93516,-1.3470678
coconut,7.7937264,2.6765237,-1.6757535
coconut_aminos,7.689724,4.2087607,-5.089688
coconut_cream,7.619573,2.585214,-1.7051439
coconut_liqueur,8.864616,3.075922,-0.8452123
coconut_milk,7.242576,2.5628045,-2.476788
coconut_oil,7.3281384,2.9149156,-2.0370865
coconut_sugar,7.1563582,2.8144076,-2.0362656
coconut_vinegar,7.5091505,2.647399,-1.455546
coconut_water,8.077591,1.9082227,-2.3994226
cod,8.310466,3.150982,-6.0540648
cod_liver,8.173898,4.871235,-3.5180125
coffee,8.08649,2.913079,-1.3044035
coffee_creamer,8.008822,2.923872,-0.77501935
coffee_liqueur,8.293897,2.9973047,-0.78273183
cognac,8.988243,3.4517145,-1.1871655
coix_seed,7.812948,1.7638012,-3.0914283
cola,9.063207,3.2251604,-0.6318762
colby_cheese,8.101855,5.9755263,-5.9816537
cold_jelly_noodle,8.571465,1.1154805,-5.445234
collard_green,7.96888,5.0794554,-5.7788873
comte_cheese,8.205318,5.661035,-4.911103
conch,8.280296,1.472185,-4.4949484
condensed_milk,8.116406,2.620601,-1.5333395
consomme,7.8511677,5.4763856,-5.045386
cookie,8.009385,2.8103993,-1.1437594
cookie_butter,7.8650846,3.059811,-0.7423885
cooking_spray,8.304725,4.948094,-5.760266
copha,7.7569194,3.1499794,-0.798289
cordyceps_flower,8.330571,1.4960631,-4.34381
coriander,8.757997,3.812215,-6.030104
coriander_root,8.097032,2.1066399,-5.449243
corn,8.740462,4.0667,-6.1265345
corn_flakes,7.719004,3.0677,-1.1780454
corn_husk,7.3857546,5.9004474,-6.282611
corn_oil,7.785459,2.0712175,-2.2733383
corn_relish,7.550876,5.5898323,-5.419148
corn_silk,8.180184,1.5078183,-3.5768685
corn_syrup,8.04247,2.8843105,-1.1562095
corn_tortilla,7.611537,5.909115,-6.3068776
cornbread,7.8808374,5.9658604,-6.089291
corned_beef,8.203476,5.937942,-5.954793
cornelian_cherry,7.8726244,4.2975054,-2.4861484
cornmeal,8.165798,3.428861,-2.5275364
cornstarch,8.168237,2.6577697,-1.8135325
corvina,6.6264358,5.4433117,-5.6381893
cotija_cheese,7.282559,5.7585506,-6.2713876
cottage_cheese,7.734849,3.7514257,-1.8050294
cotton_candy,7.491426,2.1527224,-2.2313697
couscous,8.005709,4.7704344,-5.461041
crab,8.236326,3.2629573,-6.0063972
crab_apple,8.691174,3.3299139,-1.6598998
crab_boil_seasoning,7.7344894,5.3249288,-5.8147483
crab_claw_fish,8.575798,1.1447026,-5.885142
crab_mushroom,8.561179,2.1161413,-5.653313
crab_roe,8.112216,2.0689993,-5.5251555
crab_stick,8.272491,2.6978812,-6.2780714
cracker,7.8758373,3.1005514,-1.54699
cranberry,8.674509,2.9814856,-1.4579699
cranberry_liqueur,8.5672035,3.220172,-0.8591754
cranberry_sauce,8.892599,3.122899,-1.0565832
crappie,7.490587,5.274075,-5.526364
crayfish,8.312397,3.158929,-5.9231896
cream,8.236586,2.9466968,-1.6411724
cream_cheese,7.9085226,2.9430363,-1.1083044
cream_liqueur,8.344576,3.0332022,-0.69151443
cream_of_celery_soup,8.149334,6.026634,-6.0164714
cream_of_chicken_soup,8.144037,6.0304837,-6.0331464
cream_of_mushroom_soup,8.110516,6.0278006,-6.021204
cream_of_rice,7.8739614,6.1230235,-5.9767666
cream_of_tartar,7.904335,2.8145216,-0.9757405
cream_of_wheat,7.677318,3.601049,-1.3982533
cream_soda,8.492018,3.1001494,-0.7456
creme_anglaise,7.690741,2.7728608,-1.1744181
creme_de_cacao,8.318493,3.0507102,-0.6968794
creme_de_cassis,8.679398,3.2861876,-1.0252064
creme_de_menthe,8.457918,2.8655546,-0.8675662
creme_de_violette,9.363652,3.4251063,-0.73690766
creme_fraiche,8.413492,4.6667175,-5.193832
creole_sauce,6.8215623,5.5687284,-5.690415
creole_seasoning,8.053235,5.397816,-5.9600396
crepe,7.5036173,3.036838,-1.1019275
crescent_roll,8.221746,6.028924,-5.760137
crispbread,8.062327,4.905636,-3.3285515
croissant,8.175731,6.1164007,-5.2786403
crosnes,8.537379,1.1483432,-5.4615984
crouton,8.445753,5.6791453,-5.751652
crumb_crust,7.878882,3.0592532,-0.8433562
crumpet,7.3493423,5.499997,-5.002902
cubanelle_pepper,8.424932,5.4393826,-5.1721826
cucumber,8.771476,3.1374767,-6.070194
cudweed,8.448612,1.667393,-4.900395
culantro,7.020479,2.172595,-5.5339885
cumin,8.744009,4.10369,-6.0547304
curd,5.553107,3.922401,-4.6995797
cured_chicken,8.295537,1.3530871,-5.31135
cured_duck,8.275363,1.4415954,-5.195629
cured_fish,8.308023,1.6340537,-5.4049187
curing_salt,8.6756935,3.0520215,-5.198435
curry,8.32981,4.4163146,-5.643853
curry_leaf,5.6065607,3.8706574,-4.7929797
curry_paste,8.038866,2.0815465,-6.0025964
curry_powder,8.462991,4.4895535,-5.7783594
custard,7.876447,2.5434647,-1.2211902
custard_powder,7.697721,2.389831,-1.5708653
cynar,9.386654,3.4433732,-0.7593355
dace,8.174506,1.5681514,-5.0921702
daikon,8.612011,2.4137065,-6.0206017
damson,8.011368,3.7251434,-1.2108139
dandelion,8.443802,4.610571,-5.183807
dango,7.6596694,1.896446,-2.7953024
dark_soy_sauce,9.022721,2.2915204,-5.755394
dashi,8.035497,2.4038925,-6.5517006
date,8.265692,2.990655,-1.9050438
daylily_flower,8.280746,1.2056531,-5.8293405
deer_mushroom,8.148578,1.5702448,-5.236276
demi_glace,8.503051,4.8311634,-5.069044
denbu,7.9168396,2.4605172,-6.8051863
dextrose,7.5341535,3.3723772,-1.1996868
digestive_biscuit,7.7682066,2.4193325,-1.3308682
dijonnaise,7.742205,5.7701454,-5.1531634
dill,8.77778,4.8386297,-5.827701
doenjang,8.221184,1.1764328,-5.9031467
donburi_sauce,8.131329,1.1925056,-6.048596
dong_leaf,7.570665,1.77844,-3.7767954
donkey_meat,8.483123,1.0812622,-5.464445
dory,7.893761,1.5167515,-5.818472
doubanjiang,8.945551,2.1911113,-5.819945
dough,7.716138,2.7042215,-2.0930994
dough_improver,7.484606,2.7540405,-2.004008
doughnut,7.7689834,3.0074701,-0.8966324
dragon_fruit,8.025654,1.9645993,-2.2086945
dragon_whisker_vegetable,8.420511,1.2641745,-5.614064
drambuie,9.189225,3.3503573,-0.7503226
dried_ganba_mushroom,8.4211855,1.1660696,-5.768708
dried_lily_bud,8.671758,1.9908284,-5.5135183
dried_orchid_flower,8.369262,1.1305872,-5.542408
dried_oyster,8.1588545,1.5534986,-5.0677123
dried_scallop,8.360239,1.9410107,-5.1467743
dried_shrimp,8.539046,2.2249925,-5.609312
dried_tangerine_peel,8.439601,1.5525365,-3.761741
dried_tofu,8.681669,2.0464234,-5.6183405
dried_vegetable,8.420075,1.6343892,-5.713352
dry_pot_sauce,8.285295,1.301541,-6.0239887
dubonnet,9.320212,3.521411,-0.80014616
duck,8.762628,2.6464663,-5.1036634
duck_egg,8.541648,2.030699,-5.3124766
duck_fat,8.611708,4.5194206,-4.7510605
duck_sauce,7.642205,4.7101483,-5.171413
duck_stock,8.337042,3.180913,-5.1423006
dukkah,7.770047,4.8531437,-4.7433352
dulce_de_leche,7.9534864,2.9693663,-1.1408005
dumpling,8.189195,2.2713988,-6.296586
dumpling_wrapper,8.783661,1.8333476,-5.3483963
durian,7.7698092,2.0909383,-2.118963
earl_grey_tea,7.744966,2.2658505,-1.7070271
edam_cheese,7.8556075,5.7811937,-5.32059
edamame,8.473516,2.0386229,-5.796172
edible_flower,8.09992,2.1554787,-2.2898133
edible_gold_leaf,7.834196,2.5035949,-1.1859137
eel,8.383471,1.9541893,-5.9193783
egg,7.9380283,2.9420075,-1.7553538
egg_noodle,8.277871,5.8880677,-6.0846667
egg_roll,7.670473,3.1608603,-5.700412
egg_roll_wrapper,8.23874,5.9280934,-5.7627835
egg_substitute,7.1937747,3.397898,-1.6967694
egg_tofu,8.143256,1.9788983,-5.8820662
egg_white,7.9876523,2.9312634,-1.6793257
egg_yolk,8.096252,2.824678,-1.6364338
eggnog,8.139888,3.1882937,-0.6649391
eggplant,8.74049,4.3509345,-5.9016204
einkorn,7.442375,4.1961217,-2.7790425
elderberry,8.276892,3.5394053,-1.2057484
elderflower,9.170676,3.2240987,-0.96875864
elderflower_liqueur,9.062232,3.2232792,-0.80121386
emmental_cheese,8.315816,5.660752,-5.2234464
empanada_shell,7.5904493,5.5711293,-5.927269
enchilada_sauce,7.620506,5.9345026,-6.271027
endive,8.383562,4.537944,-5.153795
english_muffin,8.279621,5.9435453,-5.6050644
enoki_mushroom,8.559129,2.221182,-5.99281
epazote,7.2865205,5.874273,-6.3045154
epiphyllum_flower,8.309261,1.4835067,-4.2147646
er_cai,8.502087,1.3405917,-5.6566434
erythritol,7.5043335,2.3911324,-2.0141606
escarole,8.052215,5.295041,-5.265166
espelette_pepper,8.346637,4.789976,-5.2063146
evaporated_milk,7.984978,2.4773045,-1.6594362
ezine_cheese,7.4931064,4.399266,-3.102411
fajita_seasoning,7.6424913,5.876424,-6.243754
falafel,7.7620325,4.7072797,-4.3964367
falernum,9.422703,3.4443588,-0.76635927
farina,7.732969,3.6538045,-1.2137933
farmer_cheese,8.12707,5.6733317,-5.3292947
farro,8.147207,4.7943745,-4.778551
fava_bean,8.685263,2.9362714,-5.5694876
feijoa,7.749021,3.8324287,-1.5623056
fennel,8.617133,4.573473,-5.4647527
fennel_pollen,8.387444,4.9431176,-5.174281
fennel_seed,8.575074,3.8440957,-5.510952
fenugreek_leaf,5.614399,3.9198563,-4.7800417
fenugreek_seed,5.702624,3.8109946,-4.7101064
fermentation_starter_cake,7.617134,2.1497808,-2.6643813
fermented_black_bean,8.891485,2.014683,-5.8069477
fermented_chive_flower_paste,8.5997095,1.0803599,-5.7021523
fermented_fish,7.014107,2.058793,-5.516193
fermented_glutinous_rice,8.432358,1.6255572,-3.9296503
fermented_tofu,8.811496,2.06395,-5.5091553
fermented_vegetable_brine,8.395466,1.2629124,-6.060531
fern,8.766215,1.5256672,-5.786379
feta_cheese,8.554668,5.0358644,-5.5462494
fiddlehead_fern,8.777645,1.645279,-5.737984
fideo,7.14204,5.1858554,-5.5568457
fig,8.360775,3.001608,-1.8472115
file_powder,8.002517,5.311486,-6.0482464
filefish,8.481153,1.2991135,-5.8108397
fines_herbes,8.488285,5.272869,-5.4786344
fish,8.36488,3.151674,-6.0103793
fish_ball,8.34346,1.9799961,-5.903832
fish_cake,8.194701,2.2216396,-5.9840817
fish_floss,7.9409084,2.105337,-5.218531
fish_maw,8.337249,1.513982,-4.346288
fish_mint,8.571458,2.0779207,-5.4891887
fish_noodle,8.109615,1.5004977,-5.610387
fish_oil,7.1657023,2.657253,-5.5696836
fish_paste,8.207216,1.9383559,-5.5813603
fish_roe,8.098292,2.4583285,-6.216292
fish_sauce,8.689189,2.7490432,-5.9568896
fish_sausage,7.973812,1.950228,-6.0687623
fish_skin,8.422934,1.4056674,-5.561797
fish_stock,8.122041,3.9971561,-5.914163
fish_tofu,8.340151,1.8497885,-6.0292883
five_grain_powder,7.5259876,2.0017455,-2.8014576
five_spice_powder,8.876973,2.150317,-5.563233
five_willow_vegetable,8.197457,1.772859,-5.8088646
flageolet_bean,8.313231,5.301813,-4.9626694
flatbread,8.137879,2.8484862,-5.257534
flattened_young_rice,5.5001106,3.955496,-4.688259
flaxseed,7.2616515,3.0514228,-2.1045284
flaxseed_oil,8.090468,2.484135,-4.8946724
flounder,7.9371805,3.4318688,-5.83929
flour,7.891812,3.0472817,-1.7834374
flour_tortilla,7.784443,5.885895,-6.2760954
foie_gras,8.598926,2.7767782,-5.0589104
fondant,7.762731,2.6472406,-1.000086
fontina_cheese,8.545226,5.5740004,-5.165563
food_coloring,7.952523,2.7367158,-0.9377909
fox_nut,8.209476,1.5438,-3.62674
frangipane,8.206668,3.608733,-1.1114088
freekeh,7.8624434,4.7656827,-4.4775424
french_dressing,8.085495,5.956558,-5.890931
fresno_pepper,7.4595337,4.6004114,-5.849926
fried_bread,7.335089,5.892867,-6.201212
fried_dough_twist,8.585815,1.1134181,-5.904684
fried_gluten_ball,8.166227,1.6493565,-5.4329267
fried_puffed_cracker,7.1148834,2.1321573,-5.5373125
fried_tofu_puff,8.5084505,2.2421184,-6.1106057
frisee,8.498947,4.8961067,-4.798905
frog_leg,8.757339,1.7510843,-5.931532
fromage_blanc,8.154015,3.1995776,-2.0151489
frosting,7.907754,2.8875577,-0.9941999
frozen_yogurt,7.94883,3.0920548,-0.8540281
fructose,8.157851,2.1007671,-1.9611843
fruit,8.28698,2.5221508,-1.5850607
fruit_cocktail,8.130935,3.1342504,-0.89719844
fruit_juice,8.761268,2.763821,-1.278572
fruit_preserves,7.820599,3.212967,-0.90486914
fruit_puree,7.6503215,2.6407819,-1.3700341
fruit_tea,8.17958,1.9906973,-1.991891
fruit_vinegar,8.08476,2.465563,-6.1758943
fruitcake,7.5910635,3.392964,-1.1563747
fry_sauce,7.5638905,2.855753,-5.799425
fudge,7.978399,3.0426116,-0.7479445
furikake,7.975598,2.4171247,-6.414128
fuzzy_melon,8.22934,1.5108811,-4.912013
gac_fruit,7.5307784,1.808701,-3.6494691
galangal,6.6039023,2.6090786,-5.2962294
galette,7.962441,3.708807,-1.3324668
galliano,9.09738,3.2474582,-0.7201841
game_meat,8.526313,5.0782523,-5.2007866
game_stock,8.419034,5.0610304,-4.905241
gammon,7.656692,5.6534443,-4.9872627
ganache,7.815619,2.8572958,-0.93783474
garam_masala,6.0683966,2.999065,-5.0453935
gardenia_flower,8.346067,1.5231764,-3.3771198
gardenia_fruit,8.651492,1.5778372,-4.4004793
garland_chrysanthemum,8.332513,2.0737326,-5.710773
garlic,8.699136,3.8747666,-5.9909616
garlic_chive,8.777615,2.1478171,-5.795501
garlic_scape,8.885825,2.0154788,-5.750315
gelatin,8.458256,2.8541043,-1.3706075
geoduck,8.057884,1.5305628,-5.4624324
geranium,8.342215,3.5404522,-1.3520254
ghee,5.926503,3.9077473,-4.4539013
ghost_pepper,8.317774,1.138341,-5.9019523
giardiniera,8.448056,5.8136597,-5.3158045
gin,9.232426,3.2081883,-1.0501082
ginger,8.941625,2.6057396,-5.8984575
ginger_ale,9.059537,3.118533,-0.9155565
ginger_beer,9.281375,3.317024,-0.8769587
ginger_liqueur,9.272169,3.3469415,-0.8726414
ginger_wine,8.132942,1.5443186,-5.0694027
gingerbread,8.15894,3.1429358,-0.6821728
gingerbread_spice,7.8661995,3.2949607,-0.7655526
gingersnap,8.130612,3.3455484,-0.7665187
ginkgo_nut,8.395422,1.5122432,-4.7224936
glass_noodle,8.767332,2.1590629,-5.7739506
gloucester_cheese,7.3831244,5.610379,-5.108268
glucose_syrup,7.855281,2.3719351,-1.3984689
gluten_free_flour,7.259635,3.3433497,-1.9991338
glutinous_rice,7.966995,1.8183758,-3.263446
glutinous_rice_flour,7.7658253,1.9817239,-2.8513837
glycerin,7.5616217,2.7550516,-1.4935606
gnocchi,8.4634495,5.49223,-4.9862466
goat,6.2843347,2.9121552,-5.1691666
goat_cheese,8.451645,5.111493,-5.331924
goat_milk,7.534705,2.4339461,-2.2470777
gochugaru,7.9561853,2.2022111,-6.2068453
gochujang,8.325096,2.2808263,-6.1944284
goda_masala,5.4769273,3.9770973,-4.7495117
goji_berry,8.360906,1.5107886,-3.5475872
golden_ear_mushroom,8.239668,1.543685,-3.0854902
golden_syrup,7.91086,3.3266742,-1.0920777
goldschlager,9.081702,3.3089545,-0.7077955
goose,8.65055,2.6879146,-5.0578146
goose_egg,8.476183,1.459313,-5.3626957
goose_fat,8.616293,1.4210517,-5.393267
gooseberry,8.029049,3.6437378,-1.3450629
gorgonzola_cheese,8.618774,5.3034086,-4.956181
gouda_cheese,8.632809,5.590937,-5.456723
gourami,6.070611,2.604728,-5.141912
graham_cracker,7.879609,2.9488063,-0.83711493
graham_flour,7.7751694,3.5809379,-1.3162385
grains_of_paradise,8.122692,5.318254,-4.2173986
grana_padano,8.237969,5.3635616,-4.731233
grand_marnier,8.675307,3.2125306,-0.9192536
grape,8.769935,2.9846854,-1.3829827
grape_leaf,8.008535,4.6438246,-3.226318
grape_must,7.4669275,4.208337,-2.7439656
grapefruit,8.975019,2.9733136,-1.3577981
grapeseed_oil,8.127673,4.4651666,-5.3266077
grappa,8.572334,3.7370834,-1.0366074
grass_jelly,8.110179,1.7794545,-2.4807642
grasshopper,7.9799504,3.0867136,-0.68300575
gravy,8.161595,5.0425386,-5.071184
greek_seasoning,7.8219113,5.973568,-5.8880267
green_bean,8.730327,4.111952,-6.0564656
green_chili,8.797745,3.79291,-6.0987644
green_curry_paste,7.2781343,2.6166954,-5.626698
green_fish,8.663994,1.3476001,-5.8539615
green_olive,8.736267,5.0578327,-5.801484
green_peppercorn,7.5905476,3.2129955,-5.354485
green_sichuan_peppercorn,8.894875,1.5984567,-5.825236
green_tea,8.210095,1.9478645,-2.176532
green_tomato,6.1242976,2.6812932,-5.1066203
gremolata,7.884775,5.624978,-4.904001
grenadine,9.149025,3.1994033,-0.9936323
grissini,8.382412,5.4885335,-4.7196455
grits,8.022982,5.365016,-5.8918195
ground_ivy,8.5684395,1.2410717,-5.5256667
grouper,8.030034,3.7553906,-5.8598986
grouse,8.0096855,5.4491334,-5.156332
gruyere_cheese,8.604666,5.56742,-5.4445996
guacamole,7.626209,5.958902,-6.267415
guajillo_chile,7.2256317,5.8700604,-6.2704225
guar_gum,7.176263,3.0692194,-1.8831977
guascas,7.2694583,5.6189604,-5.31718
guava,8.97203,2.8380678,-1.3134118
guava_paste,7.750929,5.3512273,-5.598153
guinea_hen,8.6120205,5.009758,-4.765929
guizhou_sour_soup,8.692357,1.4568247,-5.9879646
gulai_seasoning,6.022471,2.5688865,-5.1822586
gulas,7.866338,5.315714,-5.0424595
gullac,7.502105,3.694666,-1.741328
gum_paste,7.7130613,2.6127641,-1.0244923
gypsum,8.531054,1.9800024,-4.8963485
habanero_pepper,7.385233,5.3614855,-6.197328
haddock,7.610575,5.105256,-5.668999
hair_vegetable,8.311624,1.4915516,-4.790916
hairtail,8.537234,1.751127,-5.9432807
hake,7.3903155,4.813665,-5.6259055
halibut,7.692389,4.7404823,-5.8517895
halloumi,7.866824,4.716542,-4.129135
halva,7.609549,3.6354244,-1.5187544
ham,8.795658,4.695892,-6.175604
hanpen,7.915789,2.4480815,-6.785944
hard_cider,9.118778,3.8107252,-1.432956
harissa,7.9422555,4.7625403,-4.6627665
hatch_chile,7.231406,5.7231107,-5.493148
havarti_cheese,8.227427,5.87302,-5.4971523
hawthorn,8.347295,1.5920383,-3.1452253
hazelnut,8.125383,3.2485735,-1.8441931
hazelnut_liqueur,8.179158,3.1290834,-0.7496461
hazelnut_oil,8.512932,4.80727,-4.626057
hearts_of_palm,7.9586,4.8215685,-5.731306
hemp_oil,7.9203553,3.4148433,-4.6703424
hemp_seed,7.107406,2.9358268,-1.9326168
herb,8.568785,4.62281,-5.3067827
herbal_tea,8.425161,2.0793886,-1.9517453
herbes_de_provence,7.9420295,4.274512,-5.215789
herbsaint,9.181911,3.6454515,-1.0113946
herring,8.079106,4.801414,-3.3029351
hibiscus,8.5321245,2.257685,-1.9358163
hickory_nut,7.517989,2.8887494,-1.2623174
hijiki,7.8731785,2.5009587,-6.6552305
hog_plum,7.0133057,2.129244,-5.4558754
hogao,7.2358484,5.545119,-5.906139
hoisin_sauce,7.923879,2.4829612,-5.755141
hokkien_noodle,7.4713216,2.7415853,-5.962239
hollandaise_sauce,8.440796,5.486193,-5.6051097
hominy,7.5794024,5.884996,-6.3197007
honey,8.547029,3.0785348,-1.7215406
honey_citron_tea,8.27444,1.914005,-2.1729307
honey_mushroom,8.096641,4.83596,-3.3942733
honey_mustard,8.173102,5.647188,-5.4401407
honeycomb,7.8569403,3.4884663,-0.7615541
honeydew_melon,8.814216,2.6501746,-1.4640378
honeysuckle_flower,8.274056,1.5048785,-3.4019914
hop,7.5132384,3.4040163,-1.7465532
horse_gram,5.5011535,3.9778073,-4.781166
horse_head_fish,8.3645315,1.390926,-6.0866885
horse_mackerel,7.9932103,1.2557689,-5.7657475
horse_meat,8.176957,1.3402258,-5.5517144
horseradish,8.613444,5.05124,-5.9326086
hot_and_sour_sauce,8.560335,1.4541485,-6.0252094
hot_dog,8.490391,5.37881,-5.973642
hot_pot_base,8.759978,1.9056197,-5.9201035
hot_sauce,8.395672,5.146443,-6.0769687
hpnotiq,9.1292925,3.1642597,-0.6124803
huacatay,6.5529265,5.5240273,-5.7522335
huckleberry,7.8962646,3.62276,-1.259273
huitlacoche,7.1608486,5.940545,-6.196758
hummus,7.854137,4.960531,-4.944143
hunan_chopped_chili,8.483278,1.2092321,-5.8988757
hyacinth_bean,8.204227,1.539862,-3.599229
iberico_ham,8.162401,5.461005,-4.616648
ice,8.912948,2.8077457,-1.2684971
ice_cream,8.34024,2.9959302,-1.1356727
ice_cream_cone,7.794079,2.7258077,-0.8959416
ice_jelly,8.179375,1.7639153,-2.4736261
ice_plant,8.011479,2.4020422,-5.024182
idli,5.4808116,3.9930367,-4.7630453
indian_gooseberry,5.493435,3.9776673,-4.8271136
inulin,7.324546,2.8962085,-1.4790987
irish_cream,8.267374,2.8754423,-0.802099
isomalt,7.6634417,2.4755535,-1.4194056
isot_pepper,7.7130885,4.560863,-3.6215677
italian_dressing,8.392944,5.6986766,-5.813713
italian_sausage,8.253124,5.4611974,-5.3348527
italian_seasoning,8.44186,5.7055635,-5.650181
jackfruit,8.176537,1.844769,-2.4088411
jackfruit_seed,5.5038733,3.8929868,-4.710341
jagermeister,9.092765,3.1546032,-0.5998978
jaggery,5.584572,3.882219,-4.706936
jalapeno,8.335564,4.953379,-6.053446
jam,7.8724055,3.1430743,-1.4310005
jarlsberg_cheese,8.061362,5.790442,-5.1611466
jasmine_flower,8.199623,1.7316605,-2.6929026
jasmine_tea,8.160378,1.8260288,-2.2259247
jellyfish,8.370922,2.043393,-6.0426507
jerk_seasoning,7.529532,4.9620023,-5.9619403
jerusalem_artichoke,8.23603,4.392283,-5.309604
jicama,7.665198,4.822731,-5.9590373
jinhua_ham,8.388227,1.7143346,-4.953552
jobs_tears,8.123655,1.5123572,-3.6096761
juniper_berry,8.569944,4.5740714,-4.724091
junket,7.7548327,3.040768,-1.0507964
kabanos,7.7275424,5.372712,-4.7795696
kadaifi,7.4807887,4.0347576,-2.2605839
kaffir_lime,6.23948,2.5724492,-5.2321534
kaffir_lime_leaf,6.3306065,2.701967,-5.1808324
kale,8.238801,4.9420137,-5.4076242
kangaroo,7.419737,5.558073,-5.069268
kapok_flower,8.285565,1.4412458,-3.4864018
kashkaval_cheese,7.492083,4.453226,-3.1821566
kashmiri_chili,5.579587,3.949636,-4.784838
kasseri_cheese,7.480573,4.4527187,-3.1881933
kaya,7.344464,2.8013241,-1.3714247
kaymak,7.4782057,4.057961,-2.3174772
kefalotyri,7.906997,5.3203597,-4.27466
kefir,7.759086,3.898927,-1.9424509
kelp,8.467403,2.2634654,-6.077141
kencur,6.0323677,2.5851088,-5.1728253
ketchup,8.581104,4.990515,-6.1927605
khmeli_suneli,8.075129,4.842478,-3.3415015
khoya,5.527231,3.955141,-4.725721
kidney,7.541517,5.651599,-6.11073
kidney_bean,7.856975,5.4324813,-6.2096257
kielbasa,8.146399,5.379436,-5.7889433
kimchi,8.147556,2.246891,-6.1148276
kinako,7.669196,1.9224058,-2.6653824
king_oyster_mushroom,8.212447,2.0276756,-5.857092
kirschwasser,8.957513,3.3638902,-1.0205601
kissel,7.6788225,3.712552,-1.5010096
kiwi,8.518496,2.4769921,-1.5566121
kluwek,6.094097,2.665812,-5.109592
kohlrabi,8.588039,1.7607011,-5.972271
koji,7.99318,2.4256458,-6.662717
kokum,5.50999,3.977995,-4.7928824
komatsuna,8.004224,2.3885348,-6.6677375
kombu,8.108347,2.3720648,-6.516637
kombucha,8.469648,2.218693,-1.8050942
konjac,8.594692,1.8276399,-5.7886095
korean_bbq_sauce,8.371793,1.6728553,-6.0172257
korean_rice_wine,7.8659678,1.6977955,-6.0748277
krill,8.585246,1.8718898,-5.34792
kudzu_root,8.200924,1.593169,-3.653001
kumquat,8.321404,1.8462973,-2.43516
kvass,7.8990474,4.2239156,-2.2549148
la_cam_leaf,7.550278,1.7998669,-3.5022938
la_giang_leaf,6.9669094,1.9761118,-5.5789547
labneh,7.495974,4.2751975,-2.8868957
lacon,7.208605,5.2347736,-5.451431
ladyfinger,8.135854,2.647153,-1.0159012
laksa_paste,7.0907884,2.670484,-5.551448
lamb,8.787103,4.010728,-5.9359202
lambs_quarters,8.328735,1.3375653,-5.981117
langoustine,8.092338,3.5938945,-5.9405575
lard,8.924293,2.8675494,-5.823939
lavender,8.519732,3.2995222,-1.419795
lecithin,7.190841,3.0303679,-2.009537
leek,8.989596,2.7433496,-5.877293
lemon,8.919932,3.1797082,-1.604219
lemon_balm,8.582034,3.29752,-1.2165965
lemon_leaf,8.289209,3.4132783,-1.5264068
lemon_pepper,8.316741,5.3965216,-5.9569325
lemon_verbena,8.586744,3.4387033,-1.2908461
lemongrass,6.6733785,2.600582,-5.329395
lentil,8.109792,4.3902097,-5.253035
lettuce,8.689262,3.9264462,-6.184197
liangpi,8.608544,1.1217262,-5.4772525
licorice_root,8.448835,1.4988978,-3.5081155
light_soy_sauce,8.991965,2.2867236,-5.819807
lillet,9.332455,3.3654618,-0.80162203
lily_bulb,8.283991,1.5200106,-3.5483685
lima_bean,8.156293,5.226868,-5.833403
lime,8.972291,3.0085106,-1.5766795
limewater,7.004116,2.5590234,-4.631478
limoncello,9.112363,3.2011797,-0.813901
lingonberry,7.856753,3.8453565,-1.7030754
linguica,7.8292465,5.539871,-5.655984
lions_mane_mushroom,8.293418,1.4555417,-4.4811006
liqueur,8.957285,3.1392868,-1.1629586
liquid_smoke,8.233561,5.423595,-5.995681
liquor,8.697532,3.204416,-1.065589
litsea_cubeba,8.764925,1.490823,-6.0159564
liver,8.533275,4.538031,-4.802419
loach,8.678514,1.6930774,-5.4001727
lobster,8.240315,3.529186,-5.916908
loganberry,8.561665,3.247983,-0.78955144
long_pepper,8.978373,1.5497491,-5.687065
longan,8.279603,1.4993514,-3.4357238
longaniza,7.1542387,5.7990875,-6.1382957
loquat,8.429555,1.7627556,-2.8395045
loquat_leaf,8.370102,1.5572551,-3.4289453
lotus_flower,8.116958,1.4619902,-3.5425348
lotus_leaf,8.411638,1.5679291,-4.3702693
lotus_root,8.90788,2.1759045,-5.8411355
lotus_seed,8.250988,1.5312865,-3.3574255
lovage,8.06508,4.8854446,-3.6422184
lucuma,7.2736845,2.9089215,-1.5765033
luffa,8.391664,2.233002,-5.7008705
luncheon_meat,8.217499,2.0539966,-6.076096
lychee,8.3073225,1.8908185,-2.281698
lye_water,7.786714,1.9741533,-2.9471714
mac_khen,7.194207,2.0399961,-5.637465
mac_mat_fruit,7.13084,2.056631,-5.601659
maca,7.0976086,2.9388916,-1.8852993
macadamia_nut,7.6499085,2.3559809,-1.6714128
mace,8.469032,3.6322572,-1.9866552
mache,8.447043,4.900053,-4.6232557
mackerel,8.48333,2.8791142,-6.018083
madeira_wine,8.6556015,4.84528,-4.767307
maggi_seasoning,8.436312,2.1622431,-5.7061768
mahi_mahi,7.5771723,4.7365236,-5.847671
mahleb,7.4585423,4.2268186,-2.779096
maitake_mushroom,8.041344,2.2708614,-6.4829106
mala_sauce,8.765899,1.7884203,-5.7939734
malabar_spinach,7.4552264,1.9657409,-5.6197796
malanga,7.111515,5.259163,-6.0401425
mallow,8.158229,1.2454516,-6.0390053
malt,7.961473,2.1457448,-2.3284357
malt_vinegar,7.7482805,4.9557114,-5.1924133
maltose,7.8875103,2.0806386,-2.3149502
manchego_cheese,7.447719,5.68109,-5.983753
mandarin_fish,8.785398,1.4984677,-5.774761
mango,8.819097,2.7256784,-1.561638
mangosteen,8.243895,1.9767535,-2.3280945
mantis_shrimp,8.426301,1.8030703,-5.912779
maple_syrup,8.353136,3.1802337,-1.6765224
mapo_tofu_sauce,8.5607815,1.1859502,-5.793029
maraschino_cherry,8.97536,3.1867425,-0.99044955
maraschino_liqueur,9.394435,3.437517,-0.73635316
margarine,7.715372,2.949168,-0.835129
marinara_sauce,8.568543,5.6988487,-5.304775
marjoram,8.616645,4.8826365,-5.4688053
marlin,7.3837733,5.1648583,-5.2927637
marmite,7.5666757,5.577253,-5.2760873
marsala_wine,8.699743,4.8108716,-5.1328216
marshmallow,7.956188,2.8759477,-0.9539561
marzipan,7.7794027,3.2621176,-1.1276559
masa_harina,7.499009,5.5390277,-6.23304
mascarpone_cheese,8.092464,2.9287412,-1.2231436
masoor_dal,5.5330076,3.9390345,-4.724043
mastic,7.7078953,3.6266336,-1.3541934
matambre,7.4419265,5.574021,-5.0901656
matcha_powder,7.710298,2.1737006,-2.1188223
matsoni,8.01442,4.7976694,-3.2012694
matsutake_mushroom,8.379683,1.5998212,-4.854638
matzo,8.600812,3.7942133,-1.5752982
mayonnaise,8.705102,4.8833966,-6.0036955
mead,9.203259,3.50946,-0.93733424
meat,8.9904175,2.827552,-5.862092
meat_extract,8.22765,5.7065988,-5.016078
meat_floss,7.6747713,2.0510354,-2.5643692
meat_stock,7.0600142,5.1967726,-5.5849333
meat_tenderizer,8.833829,1.677789,-6.0326247
mei_kuei_lu_wine,7.551139,1.9429125,-5.327721
melinjo,6.0207863,2.5857105,-5.1827154
melon,8.855208,2.656012,-1.4267082
melon_liqueur,9.037222,3.146715,-0.64506984
melon_seed,7.331936,2.3353617,-2.2944112
mentaiko,8.027173,2.320653,-6.6299324
mentsuyu,7.942598,2.4283042,-6.7181425
merguez,8.056856,5.216732,-4.9537163
meringue,7.8917575,2.5057256,-1.1655667
mesquite,7.334353,5.631586,-6.022525
metaxa,7.706148,5.119737,-4.930044
mettwurst,8.03244,4.996393,-4.9083705
mezcal,9.311903,3.4049623,-0.7786718
microgreen,8.231843,4.835412,-4.6841536
miiuy_croaker,8.231044,1.1327535,-5.8045793
milk,7.9996905,2.9168086,-1.624346
milk_bread,7.5265045,4.520608,-3.2361128
milk_chocolate,8.04674,2.88737,-1.1759611
milk_tea,8.004475,1.8422157,-2.1885138
milk_tofu,7.822922,1.7957222,-2.372409
milkfish,6.0810804,2.5652156,-5.1660986
millet,8.010249,1.759746,-3.2588859
milo,7.5090013,2.8633869,-1.0639738
milt,8.1740055,4.8843055,-3.6022413
mincemeat,7.7987046,3.2645636,-0.86847043
mint,8.912156,2.99427,-1.5929705
mirasol_chile,6.5667706,5.5158224,-5.750167
mirepoix,7.9134593,5.192071,-5.5531363
mirin,8.161028,2.5442104,-6.50968
miso,8.166577,2.4781127,-6.4377203
mitsuba,8.000026,2.3829443,-6.6944065
mixed_grains,8.002336,2.4010096,-4.990358
mixed_herbs,8.634033,4.821159,-5.4892745
mixed_seeds,7.180272,3.1320088,-1.9503967
mixed_sprouts,7.8313127,4.570051,-5.0989785
mixed_vegetable,8.211948,2.4732616,-5.7598243
mizuame,7.982838,3.1909726,-0.7142942
mizuna,7.881407,2.6809893,-6.5680985
mocha,7.827329,3.094339,-0.84431076
mochi,7.6862965,2.0902927,-2.2049277
mojo,7.1650457,5.6336703,-5.9207764
molasses,8.139204,3.367422,-1.8122084
mole,7.2051606,5.8744583,-6.2285295
monk_fruit,8.376817,1.5443616,-3.3263996
monkfish,8.120334,3.882446,-5.828485
montasio_cheese,8.514508,5.515223,-4.8419886
monterey_jack_cheese,7.9092636,5.966979,-6.1465693
montreal_steak_seasoning,7.5696917,5.6632905,-5.435522
mopping_sauce,7.4508195,5.313311,-5.320499
morel_mushroom,8.717956,4.187502,-4.9166837
moringa,5.44943,3.8294232,-4.70934
mortadella,8.499928,5.8689184,-5.3683553
moscatel_wine,8.429895,3.731852,-1.132949
mountain_pepper,8.640968,1.240666,-6.000437
mozzarella_cheese,8.801631,5.384835,-5.811024
msg,8.879995,2.6102695,-5.905921
mudfish,8.115891,1.2495563,-5.5817895
mudskipper,7.012638,1.9098166,-5.5905437
muenster_cheese,8.142997,5.997721,-5.606921
muffin,8.161862,6.056881,-5.3849816
mugwort,8.042598,1.722538,-3.4937208
mulato_chile,7.175735,5.848161,-6.245077
mulberry,8.337392,1.8488203,-2.6915734
mulberry_leaf,7.859,1.5573153,-3.3741777
mullet,7.8173413,4.2117205,-5.8298845
mulling_spice,8.953139,3.2073808,-0.7772776
mung_bean,7.982693,1.8524188,-3.3433063
mung_bean_jelly,8.619104,1.5137206,-5.093169
mung_bean_paste,7.612172,2.117039,-2.3301415
mung_bean_starch,8.676329,1.3548666,-5.3052754
muscovado_sugar,7.9254484,3.3851135,-1.1148413
mushroom,8.806287,4.7199135,-5.899155
mushroom_soy_sauce,7.6775227,2.875529,-5.513686
mushroom_stock,8.546226,4.884472,-4.9941144
mussel,8.136352,3.5728269,-5.9673386
mustard,8.562379,4.887273,-5.860417
mustard_green,8.827288,1.999178,-5.6903076
mustard_oil,5.5380516,3.9383466,-4.76205
mustard_root,8.436467,1.1959373,-5.7296653
mustard_seed,5.7516594,3.812542,-4.6771264
mutton,6.105937,2.8848825,-5.0924635
myoga,8.185827,1.634136,-5.7277184
myzithra_cheese,8.040096,5.378816,-4.38909
naan,6.3078985,4.4442506,-4.974539
nameko_mushroom,8.112717,1.5240148,-5.5479507
nanohana,7.875345,2.4711556,-6.8015466
napa_cabbage,8.513985,2.271364,-6.014647
narsharab,8.029625,4.7839293,-3.243136
nasturtium,8.306247,4.3046646,-4.2124634
natto,8.030071,2.2395384,-6.610701
navy_bean,7.4926496,5.4672656,-5.2389007
nduja,7.8447056,5.664144,-4.9268994
nectar,7.525878,3.1311674,-1.7322303
nectarine,8.596734,3.2949543,-1.236141
needlefish,8.155304,1.0703171,-5.9675403
nerikiri,7.5807524,2.2538455,-2.23797
nettle,8.0439825,4.854449,-3.2696912
neufchatel_cheese,8.047591,6.0705266,-5.304655
new_mexico_chile,7.2370214,5.6834426,-6.0365715
nigari,8.440424,2.1627095,-4.8768926
nigella_seed,7.449687,4.3956094,-3.1901627
noodle,8.5959635,2.4864278,-6.05575
nopal,7.2247434,5.8898225,-6.257007
nora_chile,7.285399,5.086473,-5.5479155
nori,8.305535,2.4667702,-6.3037944
nougat,7.750263,3.1809344,-0.9674752
nut,8.134475,3.0582633,-1.4934559
nut_butter,7.1278367,2.9826674,-1.8761345
nut_oil,7.077115,3.1099255,-2.3026094
nutmeg,8.423682,3.424335,-1.9794548
nutritional_yeast,7.7550898,4.384433,-5.019568
oat,7.5667806,3.1429496,-1.9914278
oat_milk,7.2553916,2.876794,-1.9353966
oaxaca_cheese,7.2022514,5.910699,-6.183583
octopus,8.0902815,2.4152367,-6.1304946
offal,8.798693,1.9687178,-5.5973854
oil,8.93836,2.896353,-5.9129095
okara_powder,8.364305,2.0836976,-4.9132133
okonomiyaki_sauce,7.9468803,2.4235916,-6.8172274
okra,7.8808126,2.1786287,-5.3442607
olive,8.715771,5.030944,-5.81997
olive_oil,8.679995,4.704696,-5.907253
olluco,6.6312475,5.5313253,-5.7948365
onion,8.667328,4.586649,-6.095479
oolong_tea,8.074893,1.7162133,-2.3560407
orange,8.840576,3.1436112,-1.462691
orange_blossom_water,8.439133,3.2383423,-1.5455376
orange_liqueur,9.068618,3.1794484,-0.9318974
orange_roughy,7.743102,5.0515146,-5.7101774
oregano,8.615355,4.7952557,-6.0702076
orgeat,9.414391,3.3993769,-0.74512064
orris_root,8.453423,3.521563,-1.4736236
osmanthus_flower,8.222583,1.6836947,-2.785358
osmanthus_wine,7.887492,1.7116747,-3.0373306
ouzo,8.987894,3.5347908,-0.77616614
oyster,8.212831,3.2969244,-6.026608
oyster_mushroom,8.4224415,2.1076896,-5.992118
oyster_sauce,8.990702,2.3217852,-5.7996287
pacific_saury,8.466061,2.1622531,-6.254014
padron_pepper,7.413898,5.160711,-5.166487
paederia_foetida,7.824261,1.6398646,-3.235604
pagoda_tree_flower,8.604747,1.7960764,-5.0558743
palm_oil,7.037807,3.1200316,-2.4860384
palm_seed,8.165921,1.9128497,-2.2605228
palm_sugar,6.290986,2.738418,-4.976299
pan_drippings,8.034719,5.4718914,-5.375815
panang_curry_paste,7.2046742,2.7204075,-5.8140216
pancake,7.6398425,3.4313521,-1.8450947
pancetta,8.573683,5.275161,-5.070948
panch_phoran,5.5229206,3.9507096,-4.7685714
pandan_leaf,8.044899,1.8611237,-2.5330234
paneer,5.646872,3.877638,-4.8182235
panela_cheese,7.226358,5.9113536,-6.2524114
panettone,8.316834,3.5529375,-0.86916876
pangasius,8.096212,4.850781,-3.4223566
papad,6.072879,4.2534957,-4.88094
papaya,8.468813,1.8920754,-2.6290112
papaya_leaf,6.0133843,2.5794997,-5.1954484
paprika,8.585688,4.823068,-5.9716196
paratha,7.2848916,2.7841923,-3.4518845
parmesan_cheese,8.852863,4.8541307,-5.7852726
parsley,8.73611,4.8754463,-5.813816
parsley_root,8.468521,4.923825,-4.6031675
parsnip,8.146797,4.754447,-5.147004
partridge,8.276905,1.5076126,-4.4301653
pasilla_chile,7.2245216,5.892305,-6.1972194
passion_fruit,8.81693,2.5985713,-1.5244168
pasta,8.85438,4.849637,-5.897952
pasta_sauce,8.578167,5.7638583,-5.4242907
pastila,7.669647,3.753601,-1.449127
pastis,9.108655,3.6073127,-1.2331554
pastrami,7.6018705,4.565334,-3.3560274
pastry,7.9590836,2.99619,-1.8347263
pate,8.278602,4.7672024,-3.4892805
pea,8.733223,4.226901,-5.9603105
pea_shoot,8.248068,2.1681476,-6.0941424
peach,8.782635,3.036492,-1.3932357
peach_gum,8.253923,1.5751129,-3.0065048
peanut,8.867244,2.7054343,-5.783768
peanut_butter,7.735375,3.1285033,-1.2597513
peanut_oil,9.008237,2.527741,-5.8260527
peanut_sauce,7.288846,2.5456681,-5.6179266
pear,8.638815,3.0921245,-1.6701349
pearl_mushroom,8.300349,1.4746057,-5.261377
pecan,8.052637,3.1684277,-1.3023463
pecorino_cheese,8.453202,5.3884726,-4.9419503
pectin,8.498602,3.1120777,-1.1706444
pennywort,7.0206127,2.0783734,-5.5224323
peperomia_pellucida,7.1323895,2.1465409,-5.548501
pepino_melon,7.910399,1.7019597,-3.421527
peppadew_pepper,8.332282,5.219218,-5.3042965
pepper_jelly,7.505513,5.3900466,-5.3900757
peppercorn_sauce,7.596571,5.561198,-4.857001
peppermint,8.020389,2.7881222,-0.8591591
pepperoncini,8.449136,5.6179934,-5.5443597
pepperoni,8.560192,5.7648425,-5.4472103
perch,6.929252,2.0520308,-5.5569086
perilla,8.351191,2.3559175,-6.339733
perilla_oil,7.917815,2.046545,-5.974522
periwinkle,8.435965,1.4279699,-6.202274
persimmon,8.3334875,3.08916,-1.7741613
pesto,8.627252,5.379998,-5.3612394
petai_bean,6.0597773,2.595656,-5.153789
petis,5.9956512,2.5745041,-5.2012806
pheasant,8.51725,5.176963,-5.202723
phyllo_dough,7.679488,4.3766274,-3.0761044
picada,6.5378227,5.5335584,-5.7756395
pickapeppa_sauce,7.521345,5.450366,-5.7948213
pickle_juice,8.161893,5.728531,-5.9567895
pickle_relish,8.216611,5.767646,-5.905517
pickled_cucumber,8.696121,4.8866715,-5.9688053
pickled_ginger,8.793407,1.815065,-6.071373
pickled_mustard_green,8.779039,1.8498107,-5.7473516
pickled_onion,7.9593554,4.7343054,-4.333341
pickled_radish,8.252467,1.9331868,-5.8754935
pickled_sakura_blossom,7.9584656,1.9941314,-2.0300896
pickled_vegetable,8.724361,1.7527304,-5.7364635
pickling_spice,8.177219,5.2317395,-5.7294126
pie_crust,7.743388,2.940597,-0.843254
pie_filling,8.09274,3.104827,-0.9000926
pigeon,8.394783,1.452014,-4.3479023
pigeon_egg,8.341929,1.5514061,-4.7857385
pigeon_pea,7.1950274,5.3454323,-6.0105987
pike,7.8807025,4.152993,-5.5864797
piloncillo,8.2850065,3.7703233,-2.022027
pimento,8.449024,5.752455,-5.931084
pina_colada_mix,8.591297,3.1324317,-0.64691085
pine_nut,8.187036,4.6267304,-4.321938
pine_pollen,7.7796574,1.7510418,-3.108144
pineapple,8.860536,2.9925435,-1.3425922
pink_pepper,8.258532,4.294385,-2.9192066
pink_sauce,7.8784833,5.482492,-4.8995223
pinto_bean,7.77341,5.774156,-6.228278
pionono,7.6713552,3.6479945,-2.4113786
piquante_sauce,7.844616,6.040725,-5.937186
piquillo_pepper,8.172177,5.1040564,-5.1526384
piri_piri,7.704084,5.6201596,-5.448884
pisco,9.321076,3.4038596,-0.8109042
pistachio,8.293415,3.1824358,-1.6230813
pistachio_oil,8.37572,4.67629,-4.178473
pita_bread,8.28783,5.379196,-5.324671
pizza_crust,8.425797,5.8443274,-5.627941
pizza_sauce,8.462587,5.8777003,-5.6284666
plant_based_cheese,7.615239,4.4872108,-5.0503783
plant_based_cream,8.1368685,3.1225672,-1.3734397
plant_based_ham,8.1729,1.5612212,-6.069777
plant_based_milk,7.0980864,3.173129,-2.0664837
plantain,7.227077,5.55336,-6.2840366
plum,8.454657,3.0117066,-1.7126274
plum_sauce,7.8867645,2.398352,-5.624073
plum_wine,8.198958,1.6525215,-4.9858017
pluot,8.080234,3.621621,-1.1285626
poblano_pepper,7.4240623,5.7750216,-6.2544117
pokeweed,7.5489407,5.3187046,-5.342961
polenta,8.274298,5.483112,-5.2596087
pollock,7.6533456,2.9855,-5.677151
pomegranate,8.779713,3.032904,-1.5365239
pomegranate_molasses,7.856961,4.585617,-3.9919543
pomelo,8.301296,1.8034346,-2.4746523
pomfret,8.696911,1.6400393,-5.9009285
pompano,7.656474,4.8037868,-5.880602
ponzu,7.92846,2.6607456,-6.527678
poolish,7.5175557,2.9490354,-2.0723863
poppy_seed,7.6055636,3.3780015,-2.0411508
porcini_mushroom,8.737913,4.7128124,-4.880734
pork,8.90894,2.7613142,-5.8284974
pork_stock,8.360609,1.8849586,-5.6763268
port_wine,9.019615,3.6674085,-1.3743193
portobello_mushroom,8.566753,5.407954,-5.377653
potato,8.725963,4.415599,-6.082192
poultry_seasoning,8.397761,5.40868,-5.603862
praline,7.882052,3.3255038,-0.9208932
preserved_cabbage,8.065792,1.4678378,-5.6765237
preserved_lemon,7.9852195,3.9036446,-4.6272273
preserved_plum,8.41079,1.6623348,-2.9967582
pretzel,7.8109283,3.1036003,-0.7599703
prickly_pear,7.6293416,2.1142018,-2.4621863
prosciutto,8.669554,5.5930524,-5.3593793
prosecco,9.155565,3.3990586,-0.81966686
provolone_cheese,8.601128,5.7535872,-5.3526087
prune,8.179811,3.6480737,-1.6343966
psyllium_husk,7.300005,2.709616,-1.9992537
pu_erh_tea,8.084922,1.621022,-2.6317496
pudding,7.863772,2.9012249,-0.8151654
puff_pastry,7.926741,2.9130313,-1.8827268
puffer_fish,8.306471,1.0406998,-5.813562
pumpkin,7.938265,2.8776627,-1.9088868
pumpkin_leaf,7.9573097,1.8338927,-4.9181924
pumpkin_pie_spice,7.8521,3.18063,-0.8806848
pumpkin_seed,7.305542,3.1147482,-2.1977553
pumpkin_seed_oil,7.9959283,4.5936933,-4.463606
punch,7.573307,2.776205,-1.1897321
purple_gynura,8.335626,1.34481,-5.7060113
purple_sweet_potato,7.7155037,2.0524848,-2.3291306
purple_yam,7.7845635,1.5564141,-3.4945245
purslane,7.4782367,4.307592,-3.3313682
puzi_leaf,7.7770696,1.6493905,-3.2536035
qingbu_liang,8.132672,1.539015,-4.228708
qingjiang_fish,8.713464,1.3917334,-5.9225984
qingtou_mushroom,8.100772,1.2411889,-5.251755
quail,8.64525,4.2262344,-4.9540873
quail_egg,8.628804,2.211,-5.6796813
quark,7.9644966,3.1961849,-0.99886346
queso_anejo,7.150614,5.926245,-6.265824
queso_blanco,7.3377995,5.9389353,-6.089223
queso_fresco,7.3614182,5.7849784,-6.3158555
quince,7.993398,3.8691976,-2.1056728
quince_paste,8.092392,4.0060763,-1.8173736
quinoa,7.9417076,4.189472,-5.029623
quorn,7.347833,5.4547734,-5.1870184
rabbit,8.855821,4.187221,-5.512101
raclette_cheese,8.19326,5.6253324,-4.9100175
radicchio,8.55993,5.0905285,-5.044091
radish,8.799698,2.7410073,-6.044674
radish_cake,7.737032,1.9771172,-5.9483747
ragi,5.467253,3.999109,-4.7795386
raisin,8.322241,3.1773784,-1.7567635
raita,6.1493225,4.3101463,-4.925859
rakkyo,8.631264,1.4074961,-5.690846
rambutan,8.5689945,2.3412967,-1.7694392
ramen_noodle,8.1093445,2.4015238,-6.336834
ramp,8.647662,5.4548063,-5.309124
ranch_dressing,8.131941,5.881645,-5.885748
rapeseed,8.500535,1.592865,-5.377271
ras_el_hanout,7.8597407,4.5812664,-4.358129
raspberry,8.62055,3.1619766,-1.3578192
ravioli,8.33321,5.565497,-4.9733744
ray,6.0148816,2.556367,-5.207833
razor_clam,8.634673,1.9934136,-5.5763216
red_bean,7.9808717,1.7472676,-3.1673832
red_bean_paste,7.7174115,1.9980503,-2.444546
red_currant,8.465311,3.7689562,-1.6452019
red_curry_paste,7.024677,2.684645,-5.5189238
red_date,8.253898,1.5518993,-3.4634376
red_drum,7.985059,5.341257,-5.91034
red_hots,8.079961,2.9796758,-0.6843281
red_leicester_cheese,7.6262126,5.6267147,-4.920564
red_onion,8.629008,4.7188044,-5.919029
red_pepper,8.545218,4.867749,-5.91781
red_rice,8.107867,1.6530467,-3.4035194
red_snapper,7.7888155,4.6386976,-5.820069
red_wine,8.890402,4.738695,-5.5848346
red_wine_vinegar,8.451789,4.868992,-5.76681
red_yeast,7.710093,2.0131161,-2.4213743
reed_leaf,7.9391317,1.4871962,-4.468925
refried_beans,7.4642434,5.93327,-6.280936
remoulade_sauce,7.859246,5.359019,-5.779182
rhubarb,8.445994,3.4265113,-1.3490716
rice,8.791604,3.5986614,-5.9839706
rice_bran_oil,8.334534,2.3788185,-5.199107
rice_cake,8.571268,2.2231662,-6.0984306
rice_milk,7.1471457,3.1058912,-1.9526229
rice_noodle,7.8864264,2.1542435,-5.7168016
rice_paddy_herb,7.0347047,2.0120726,-5.589856
rice_paper,7.294353,2.2264762,-5.5175567
rice_tofu,8.538835,1.2208099,-5.8607388
rice_vinegar,8.320611,2.6055617,-6.2770524
rice_wine,8.889642,2.419159,-5.855674
ricotta_cheese,8.24302,3.446341,-2.3567994
ricotta_salata,8.3324,5.1598268,-4.790604
robiola_cheese,8.228004,5.5064726,-4.7053447
rock_sugar,8.407211,1.5583142,-3.4683726
rock_tripe,8.416007,1.2568172,-5.5881276
rockfish,7.6441016,4.9254847,-5.706095
rocoto_pepper,6.5077505,5.518836,-5.7630606
romanesco,8.0423155,3.8870142,-4.7552395
romano_cheese,8.651201,5.592615,-5.305975
romesco_sauce,7.331115,5.239468,-5.537868
rompope,7.5528235,3.0646045,-1.3197153
rooibos_tea,7.6560416,3.1743429,-1.4060011
root_beer,8.460955,3.1703,-0.6260862
roquefort_cheese,7.7649956,5.246055,-4.6985397
rose_syrup,7.9646277,2.225722,-1.6334646
rose_wine,9.070073,3.2173924,-0.9568991
rosehip,7.8149805,2.2386737,-1.6580503
rosemary,8.816996,4.804924,-5.587862
rosewater,7.94507,2.1977367,-2.2257123
roti,7.283673,2.795943,-3.430329
rouille,8.1999235,4.788518,-5.34797
roux,7.965451,5.2387967,-6.067261
rowan_berry,7.917324,3.988631,-1.8577547
royal_icing,7.6658244,2.7285695,-1.0292796
rum,8.819866,3.0891836,-1.1409287
rusk,7.598236,3.6046782,-1.3547035
rutabaga,7.6913266,5.383434,-5.073111
ryazhenka,7.6805897,3.8116224,-1.8178307
rye,7.457309,3.0155401,-2.1095061
rye_bread,8.358454,5.741917,-5.7352953
sachima,7.4668474,2.4381866,-1.6921723
safflower,7.7403264,3.8883436,-4.9656954
safflower_oil,7.757078,4.436775,-5.062305
saffron,8.5444145,4.4696536,-5.905602
sage,8.790343,4.8507648,-5.412542
sago,8.075261,1.7717326,-2.463709
sake,8.169427,2.4912083,-6.499872
salad_cream,7.8283362,5.7415757,-5.2552915
salad_dressing,8.134325,5.993485,-5.920497
salad_greens,8.541093,4.813169,-5.363413
salam_leaf,5.990049,2.5906503,-5.158982
salami,8.683018,5.7027707,-5.405522
salep,7.4923143,3.8017175,-1.8733071
salmon,8.273457,3.2255971,-6.147239
salmon_roe,8.016632,2.6917968,-6.407037
salsa,7.6678233,5.968988,-6.3522134
salsa_verde,7.6069255,5.967969,-6.280773
salsify,8.305327,5.0619745,-4.7402864
salt,8.922622,3.2365196,-5.9085755
salt_cod,7.7901387,5.132721,-5.0604677
salt_pork,8.552359,1.8120589,-5.4282455
salted_duck_egg,7.7933064,1.9820844,-3.234786
sambal,6.028559,2.579022,-5.190514
sambal_oelek,7.1903963,2.7182581,-5.609219
sambar_powder,5.5113487,3.924763,-4.7474403
sambuca,8.99418,3.5343895,-0.7611954
sand_ginger,8.822767,1.9642624,-5.417655
sand_worm,8.293914,1.4624507,-4.308412
sangria,8.921117,3.1395423,-0.7693273
sansho_pepper,7.9221435,2.51259,-6.7320995
sanzi,8.627529,1.2085359,-5.4099526
sardine,8.032571,3.7120044,-5.8412046
saskatoon_berry,7.8808393,3.6985826,-1.3624723
sau_fruit,6.9837255,1.9648896,-5.595836
sauerkraut,8.598234,4.960322,-5.5143847
sausage,8.715742,4.481376,-6.2091503
sauternes,8.018604,5.406183,-5.225765
savory,8.456966,4.8973184,-4.5082116
sazon,7.3912516,5.5019,-6.0305905
scad,7.1643558,2.04448,-5.6036906
scallion,8.821719,2.5561056,-5.973933
scallion_oil,8.709196,1.6848202,-5.421066
scallop,8.214404,3.3422744,-6.0324836
scamorza,8.220448,5.693913,-4.9828534
schisandra_berry,8.30956,1.497028,-3.406437
schnapps,9.129599,3.163035,-0.6165043
scotch_bonnet_pepper,7.2281485,5.0754056,-6.077399
sea_bass,8.178496,3.008403,-5.739271
sea_bream,8.467141,1.3982962,-6.1609163
sea_buckthorn,7.7372394,3.7420735,-1.6703382
sea_coconut,8.327468,1.4895786,-3.7672791
sea_cucumber,8.333588,1.5787008,-4.5980163
sea_grape,8.790252,1.2873918,-5.7571425
sea_hare,8.181014,1.1296774,-5.7466974
sea_lettuce,8.391714,1.1237688,-5.8584514
sea_moss,8.560361,1.6137484,-5.3265986
sea_snail,8.408468,1.750774,-5.326073
sea_urchin,8.144544,1.7357574,-5.544576
seafood,8.32269,2.5866413,-5.9206123
seafood_sauce,8.418247,1.8287708,-6.036658
seafood_seasoning,7.6426845,3.030358,-5.688966
seafood_stock,8.131188,4.0579724,-5.906202
seasoning_sauce,8.403817,1.9355365,-5.589021
seaweed,7.9009285,2.2641664,-6.049683
semolina,7.6175437,3.8944006,-2.0721128
senbei,8.278606,1.6493117,-5.5679684
serrano_ham,7.6072865,5.3776455,-5.88705
serrano_pepper,8.134209,4.865898,-6.060018
sesame_oil,8.843553,2.552262,-6.006302
sesame_paste,8.7065,2.110461,-5.511803
sesame_seed,8.836589,2.6722803,-6.035195
sev,5.5105534,3.9846737,-4.730938
shacha_sauce,8.045267,2.018096,-5.6173325
shallot,8.575938,3.841787,-5.8748083
shaobing,8.508872,1.053186,-5.4687557
shaoxing_wine,9.076508,2.4070692,-5.847595
shark,8.295616,1.3700318,-4.725789
shark_fin,8.168552,1.4724575,-4.9719706
shellfish,8.41423,1.843867,-6.0984354
shepherds_purse,8.725177,1.5838091,-5.4583116
sherbet,8.985524,3.1322758,-0.6356796
sherry,8.8816,4.7604394,-5.4588685
sherry_vinegar,8.428871,4.7227287,-5.3309336
shichimi_togarashi,8.050948,2.3415508,-6.546987
shiitake_mushroom,8.793308,2.5202107,-5.8894877
shio_koji,7.851967,1.7448021,-5.7063003
shirasu,7.8867826,2.4739592,-6.785798
shirataki_noodle,7.522137,2.9827569,-6.110518
shochu,7.7319365,2.506698,-6.5391254
shortcake,7.9347286,3.2671974,-0.9012922
shortening,7.810862,2.9987028,-1.1585909
shrimp,8.447737,3.250556,-6.0427485
shrimp_mushroom,8.361231,1.275136,-6.01149
shrimp_paste,6.7086315,2.5495234,-5.358207
sichuan_peppercorn,9.075331,2.2762835,-5.8134246
silkworm_pupa,8.496374,1.0951991,-5.949968
simit,7.501334,4.460067,-3.169147
skate,7.9159265,3.784254,-5.404044
smelt,8.1424885,4.9193068,-3.7996087
smoked_cheese,8.099511,4.9005246,-3.5535004
smoked_meat,8.77483,1.466459,-5.602029
smoked_paprika,8.001895,5.0750136,-5.4733195
smoked_salmon,8.414533,5.2044864,-5.3829255
smoked_salt,7.760833,5.5625253,-5.9950376
snail,8.546479,1.8597546,-6.015904
snail_rice_noodle,8.505361,1.7227933,-5.8048277
snake,8.098213,1.6282555,-4.262454
snake_gourd,5.461402,3.8477283,-4.692002
snakehead_fish,8.490057,1.9466903,-5.849111
snow_fungus,8.290569,1.5417227,-3.2623665
snow_pea,8.040915,2.881619,-5.8813195
snow_vegetable,8.787916,1.7939824,-5.6043925
sobrasada,7.9118676,5.4066215,-4.473531
sofrito,7.3753676,5.3788533,-6.0077705
soju,7.976789,1.7947375,-5.7916703
sole,8.557212,2.1589253,-5.9174438
somen_noodle,7.7450376,2.595495,-6.4079075
soppressata,8.431033,5.716184,-5.0059133
sorghum,7.2059636,2.8513987,-2.2573116
sorghum_syrup,8.076242,3.8401039,-1.5354267
sorrel,8.108355,4.9032464,-3.6459067
sour_bamboo_shoot,8.201642,1.9421713,-5.8887177
sour_broth,8.693241,1.4500535,-5.9684463
sour_cream,7.8601604,3.7881916,-1.9852605
sour_mix,9.087479,3.174017,-0.65020615
soursop,8.578408,2.367095,-1.7314342
southern_comfort,8.823109,3.209984,-0.65686464
soy_milk,7.321153,2.8080456,-2.0944433
soy_protein_isolate,7.2280064,2.8333561,-1.9549836
soy_sauce,8.949144,2.671684,-6.0237875
soy_yogurt,7.0286303,3.2130005,-1.9258506
soybean,8.184714,1.7578796,-3.5213878
soybean_oil,8.580758,1.9093591,-5.1321115
soybean_paste,8.980446,2.0585463,-5.7099414
soybean_sprout,8.705972,1.8345342,-5.778097
spaetzle,8.398436,5.172002,-5.3602576
sparkling_water,8.994949,3.0251088,-1.2159972
sparkling_wine,9.085069,3.1890118,-0.7331663
speck,8.639086,5.0319667,-5.240566
speculoos_cookie,7.806166,3.0333354,-0.7572263
spelt,7.1630063,3.1090064,-2.099627
spice_mix,9.056155,2.3845997,-5.7781515
spinach,8.768752,4.569748,-5.7655525
spirulina,7.109394,2.9130251,-1.8740541
sponge_cake,7.8914557,2.5324807,-1.1389718
sprat,8.133749,4.86622,-3.434563
spring_roll,7.301081,2.6601841,-5.8816943
spring_roll_wrapper,7.782598,2.3008287,-5.686246
sprinkles,7.783378,2.8221564,-1.0310009
squash,8.135386,4.479798,-5.4462643
squash_blossom,7.5285783,1.8779409,-5.5451636
squid,8.338966,2.8702626,-5.9174175
squid_ink,8.168781,2.307553,-5.9323525
squirrel,7.713008,5.350005,-5.6630015
sriracha,7.6105337,4.102235,-5.3915462
ssamjang,7.960987,1.5354106,-6.1039896
star_anise,9.092116,2.3294091,-5.7753167
starch,9.057152,2.3197393,-5.8362217
starfruit,6.849064,2.1863263,-5.254363
steak_sauce,8.219667,5.460292,-6.034149
steamed_bun,7.9732957,1.824841,-5.25052
stevia,7.287247,2.9807487,-2.0028262
stilton_cheese,8.489394,5.1269555,-4.5495934
stinky_mandarin_fish,8.355106,1.0316434,-5.85176
stinky_tofu,8.790361,1.6603087,-5.7495174
stir_fry_sauce,7.6538315,2.3243628,-5.7002907
stout,8.32558,3.8469598,-1.229108
stracchino_cheese,8.306515,5.505489,-4.7031617
straw_mushroom,8.045348,1.8752748,-5.34002
strawberry,8.686009,2.9136693,-1.3432713
strega_liqueur,9.392213,3.443548,-0.7494619
sturgeon,8.840321,1.4790452,-6.0845666
sucuk,7.4997854,4.471604,-3.2027996
suet,8.420194,3.9886491,-1.74768
sugar,8.155964,2.7588522,-1.6352093
sugar_snap_pea,8.04536,3.525976,-5.7124805
sugarcane,8.235166,1.9533924,-2.7925556
sukiyaki_sauce,8.104423,1.8547902,-6.3967357
sulguni_cheese,8.054043,4.867923,-3.3331716
sumac,7.8746815,4.6322236,-3.9923725
summer_sausage,8.007145,5.8900666,-5.6431527
sun_dried_tomato,7.9232845,4.7560368,-3.876668
sunfish,8.296684,1.0003847,-5.7921767
sunflower_oil,5.974072,3.8979325,-4.4139175
sunflower_seed,7.290164,3.1417646,-2.1273274
superior_stock,8.13266,1.5143108,-5.043889
sushi_vinegar,8.008259,2.3280897,-6.4148245
sushki,8.06907,4.865254,-3.3400483
sweet_and_sour_sauce,7.978078,1.9104443,-5.7207556
sweet_bean_sauce,8.9865885,2.005259,-5.708739
sweet_chili_sauce,8.002878,2.5920992,-5.830153
sweet_potato,7.783499,2.0298328,-2.8561306
sweet_potato_leaf,8.529444,1.7944195,-5.6846857
sweet_potato_starch,8.916177,1.965182,-5.6324983
sweet_preserved_mustard_green,8.218981,1.1093236,-5.8766766
sweet_roll,7.5106554,4.973323,-5.1770525
sweet_soy_sauce,6.129403,2.6400657,-5.1382475
sweet_vermouth,9.354222,3.4813879,-0.8343194
sweetbread,8.101327,5.2762623,-4.8823295
swiss_chard,8.215238,4.978382,-5.6328588
swiss_cheese,8.438035,5.840825,-5.672127
swiss_roll,7.8760767,2.37653,-1.3886774
sword_bean,8.451769,1.9815149,-6.1084685
swordfish,7.7059903,4.6405673,-5.822465
syrup,8.790481,3.0464225,-1.4047208
ta_cai,8.380786,1.2491535,-5.4155917
tabasco_pepper,7.57573,5.3729587,-5.3626914
taco_sauce,7.903156,6.033292,-6.136051
taco_seasoning,7.807916,6.037772,-6.19105
taco_shell,7.675127,5.940813,-6.2800226
tahini,7.75304,4.4992933,-3.8064256
tajin,7.199356,5.6955547,-5.789999
taleggio_cheese,8.517494,5.5805645,-4.8304024
tallow,7.532427,3.2925355,-5.952906
tamale,7.4688554,6.0111184,-6.2464156
tamari,7.5957704,4.280512,-5.207478
tamarillo,7.968255,1.2170659,-5.679665
tamarind,6.250552,2.9298868,-5.1547675
tandoori_masala,6.172011,4.326347,-4.922871
tangelo,7.662764,3.5356507,-1.2163085
tangerine,8.707234,2.796149,-1.3747398
tapenade,8.436969,5.5467362,-5.548573
tapioca,8.032185,1.9255502,-2.368304
tapioca_pearl,8.012192,2.007627,-2.0192294
tarako,7.812568,2.4839149,-6.838567
tarhana,7.5142746,4.518517,-3.2547295
taro,8.082202,1.8937567,-3.6176536
taro_stem,7.216547,1.8627936,-5.6446705
tarragon,8.630766,4.7949276,-5.6289015
tartar_sauce,7.807223,5.333919,-5.7690883
tasso,8.014597,5.2901073,-5.9651556
tatsoi,7.635342,2.596846,-6.3335047
tauco,6.038828,2.5895329,-5.1632557
tea,8.350014,2.0648699,-1.9072369
tea_tree_mushroom,8.464793,1.5179708,-4.940166
teff,7.192861,3.14809,-1.8268495
tempeh,6.0727158,2.6320398,-5.1421785
tempura_flour,8.04542,2.4419568,-6.3283935
tenkasu,7.944097,2.4713602,-6.8044677
tequila,9.20197,3.0215046,-1.1734362
teriyaki_sauce,7.7829576,2.847453,-5.766929
termite_mushroom,8.547513,1.5577348,-5.451601
textured_soy_protein,7.5278025,4.563054,-5.2511177
thai_basil,6.3411326,2.5654569,-5.2664485
thai_tea,7.8179035,2.7002313,-1.1289665
thousand_island_dressing,8.026918,2.7076542,-5.33758
thyme,8.7699995,4.867156,-5.7146926
tiger_milk_mushroom,8.265751,1.4919968,-3.92328
tikka_masala,6.176118,4.3247776,-4.9227037
tilapia,7.8805556,3.3815804,-5.8299966
tkemali_sauce,8.018562,4.7666726,-3.2181745
toffee,7.8653955,3.1269164,-0.89639896
tofu,8.8451395,2.4647007,-5.9087
tofu_pudding,8.674913,1.3083934,-5.2457705
tofu_skin,8.70876,2.0101023,-5.4910727
tom_yum_paste,8.108326,1.904839,-6.1125755
tomatillo,7.232126,5.8986373,-6.2631087
tomato,8.640971,4.5723934,-6.0505867
tonguefish,8.642334,1.0755668,-5.788945
tonic_water,9.00367,3.1463683,-0.85808814
tonka_bean,7.5372972,2.7048676,-1.3531961
tonkatsu_sauce,7.92824,2.4069412,-6.7997756
toor_dal,5.561823,3.9998438,-4.797233
topmouth_culter,8.36405,1.2381552,-6.0576663
tortellini,8.50753,5.6509194,-5.4748063
tortilla,7.6419883,5.8827744,-6.3295393
trehalose,7.63713,2.3426204,-1.7049052
triple_sec,9.004251,3.0536926,-0.9430092
trout,8.2326355,4.61981,-5.1773305
truffle_oil,8.578903,5.1453714,-4.910322
tsao_ko,8.937244,1.9336098,-5.2885756
tteokbokki_sauce,7.967424,1.5045319,-6.118454
tulum_cheese,7.498581,4.4603662,-3.178874
tuna,8.696633,4.749094,-5.995879
turbot,8.638157,1.7531587,-6.1231666
turkey,8.519389,5.2836885,-5.674719
turkey_sausage,8.233273,5.4823437,-5.734531
turkey_stock,8.385311,5.306638,-5.479563
turkish_delight,7.6991897,3.7135468,-1.4044065
turmeric,6.010401,3.2360988,-4.9531317
turmeric_leaf,6.0731664,2.5610967,-5.1581287
turnip,7.9463005,5.011919,-4.957881
turnip_green,7.927236,4.994698,-5.658526
turtle,8.415255,1.5097163,-4.8280225
tzatziki,7.596454,4.7580037,-4.870272
udon_noodle,8.250701,2.3346343,-6.262183
umami_sauce,8.635515,1.3426352,-5.4981112
ume,7.3146896,3.5688295,-5.3272095
umeboshi,8.012841,2.2835546,-6.5781713
umeboshi_vinegar,7.535171,4.0630727,-5.160712
unagi_kabayaki,7.954024,2.3284233,-6.4854264
unagi_sauce,7.920334,2.361644,-6.3106613
urad_dal,5.5279603,3.9249408,-4.722895
utskho_suneli,8.033261,4.751136,-3.2081861
vadouvan,7.3904047,4.890451,-5.145246
vanilla,8.00487,2.9184241,-1.3654507
veal,8.831539,4.887157,-5.262193
vegemite,7.5180955,5.636338,-5.4344344
vegeta_seasoning,8.474051,3.812284,-5.859444
vegetable_extract,8.150588,1.4398648,-5.6135135
vegetable_juice,7.7115846,5.620714,-5.835835
vegetable_oil,8.607433,4.425964,-5.8020997
vegetable_puree,7.5673537,3.4536877,-1.7027947
vegetable_stock,8.416432,4.7655635,-5.814809
vegetarian_oyster_sauce,8.4073925,1.989922,-5.359427
velveeta_cheese,8.175353,6.0450087,-5.971442
venison,8.218391,5.3121643,-5.782618
verjuice,8.477295,4.9337626,-4.73752
vermicelli,7.30631,2.673968,-5.7047033
vermouth,9.16286,3.3826983,-1.2624964
viburnum,7.851437,3.9476552,-1.7965031
vienna_sausage,7.653105,5.483563,-5.302978
vietnamese_balm,7.047005,2.1107101,-5.4366307
vietnamese_coriander,7.031156,2.182071,-5.4828887
vietnamese_pork_roll,7.098794,2.1324594,-5.5171266
vin_santo,8.567151,5.008287,-4.3275757
vinaigrette,8.448927,4.716868,-5.1938396
vinegar,8.976178,2.7942536,-6.0092955
violet,8.021991,3.118907,-0.65393305
vodka,9.156467,3.2362196,-1.1671913
wafer,7.6124816,2.783591,-1.0411537
waffle,7.647428,2.9724982,-0.91502005
wakame,8.176034,2.2116888,-6.4004383
walleye,8.417379,5.4004736,-4.946955
walnut,8.25415,3.1062012,-1.813978
walnut_oil,8.299863,4.2699523,-4.860282
wampee,8.425981,1.6950619,-3.4897344
wasabi,8.096588,2.5215144,-6.4605803
water,8.3590145,2.8116248,-1.7726498
water_bamboo,8.517478,1.8414298,-5.6151404
water_celery,8.104169,1.8553722,-5.5940332
water_chestnut,8.421254,1.6740867,-3.5900679
water_lily_flower,7.0009165,2.0195858,-5.555206
water_mimosa,6.992087,2.0498185,-5.554296
water_shield,8.181548,1.3556526,-5.1881013
water_spinach,7.6775117,2.0406857,-5.7413163
watercress,8.153317,4.054357,-5.3480277
watermelon,8.702092,2.4632325,-1.6385727
watermelon_radish,8.264481,2.1367452,-6.271608
wax_apple,8.194168,2.243982,-2.3170152
weipa,8.137745,2.2783475,-6.622076
wheat,7.8054676,1.9286692,-2.8190644
wheat_germ,7.4020896,2.972547,-2.1103044
wheat_gluten,8.654721,2.1136105,-5.4711747
whelk,8.420708,1.4111264,-6.1901097
whey,7.5561275,3.3071504,-2.0852776
whipped_topping,7.9610553,2.8773537,-0.9157179
whiskey,9.090553,3.2749772,-1.181657
white_bean,8.205157,5.15235,-5.8827553
white_chocolate,8.176158,2.79151,-1.1881733
white_pepper,9.041893,2.7128835,-5.9136696
white_soy_sauce,8.146515,2.0410922,-6.305522
white_tea,8.19216,1.6206917,-2.8788924
white_truffle,8.496466,5.30079,-4.9428825
white_vinegar,8.828053,2.933691,-6.0566897
white_wine,8.821213,4.79998,-5.7956624
white_wine_vinegar,8.440054,4.872952,-5.5342116
whitebait,8.057615,1.6941376,-5.284158
whitefish,7.71917,4.6717024,-5.769343
whiting,7.5541515,5.391835,-5.0018806
whole_wheat_flour,7.4951677,2.9982681,-2.0333924
wild_betel_leaf,7.0915604,2.050424,-5.5133023
wild_boar,8.613742,4.830955,-4.729103
wild_garlic,8.054964,4.843753,-3.3987818
wild_ginger,8.620409,1.2449223,-6.0604067
wild_rice,8.196441,4.7845783,-5.124052
wine,9.212783,3.215828,-1.3257483
wine_lees,8.5748005,1.5595615,-5.105954
winged_bean,7.492041,1.9887277,-5.720347
winter_melon,8.351655,1.5833356,-4.3505635
wintergreen,8.092963,3.3895483,-0.97742254
wisteria_flower,7.579032,2.220708,-2.0022135
wolfberry_leaf,8.063637,1.3235445,-5.5138884
wolffish,8.108569,4.878447,-3.4270031
wonton,8.170747,2.3138428,-5.6808343
wood_ear_mushroom,8.773845,2.0693219,-5.5614324
worcestershire_sauce,8.4691725,5.1758847,-6.051751
wuchang_fish,8.524651,1.228166,-5.917358
xanthan_gum,7.2000523,2.9707701,-1.854279
xo_sauce,8.559037,2.0084665,-5.461389
xylitol,7.677117,2.1134536,-2.227347
yacon,8.274524,1.4846685,-3.9496756
yak_meat,8.319131,1.0324932,-5.950711
yakiniku_sauce,7.9702387,2.302951,-6.7068696
yakisoba_sauce,7.8708196,2.4240515,-6.86337
yam,7.49198,3.166946,-2.8563502
yard_long_bean,8.44584,1.9896966,-5.6592517
yeast,7.673556,2.8155234,-2.0498412
yellow_croaker,8.837533,1.6200981,-5.888157
yellow_curry_paste,7.1567235,2.6534986,-5.5652514
yibin_yacai,8.702398,1.7497312,-5.527062
yogurt,8.225381,3.14904,-2.0091927
youtiao,8.654892,1.44436,-5.2699924
yu_choy,8.39486,1.8391086,-5.699421
yufka,7.521985,4.4212875,-3.10546
yuzu,8.061414,2.5237458,-6.236739
yuzu_kosho,7.929663,2.334475,-6.683369
zaatar,7.93203,4.825166,-4.6288233
zao_lu,8.677162,1.8351092,-5.0571203
zha_cai,8.655825,2.0331984,-5.648303
zhajiang_sauce,8.060228,1.3781852,-6.062454
zucchini,8.790862,4.58514,-5.849685
zucchini_flower,8.011178,4.989782,-4.5105004
